--
-- PostgreSQL database dump
--

-- Dumped from database version 17.2
-- Dumped by pg_dump version 17.2

-- Started on 2025-07-04 11:04:45

SET statement_timeout = 0;
SET lock_timeout = 0;
SET idle_in_transaction_session_timeout = 0;
SET transaction_timeout = 0;
SET client_encoding = 'UTF8';
SET standard_conforming_strings = on;
SELECT pg_catalog.set_config('search_path', '', false);
SET check_function_bodies = false;
SET xmloption = content;
SET client_min_messages = warning;
SET row_security = off;

--
-- TOC entry 5 (class 2615 OID 18633)
-- Name: public; Type: SCHEMA; Schema: -; Owner: postgres
--

-- *not* creating schema, since initdb creates it


ALTER SCHEMA public OWNER TO postgres;

--
-- TOC entry 5173 (class 0 OID 0)
-- Dependencies: 5
-- Name: SCHEMA public; Type: COMMENT; Schema: -; Owner: postgres
--

COMMENT ON SCHEMA public IS '';


SET default_tablespace = '';

SET default_table_access_method = heap;

--
-- TOC entry 241 (class 1259 OID 20039)
-- Name: auth_group; Type: TABLE; Schema: public; Owner: postgres
--

CREATE TABLE public.auth_group (
    id integer NOT NULL,
    name character varying(150) NOT NULL
);


ALTER TABLE public.auth_group OWNER TO postgres;

--
-- TOC entry 240 (class 1259 OID 20038)
-- Name: auth_group_id_seq; Type: SEQUENCE; Schema: public; Owner: postgres
--

ALTER TABLE public.auth_group ALTER COLUMN id ADD GENERATED BY DEFAULT AS IDENTITY (
    SEQUENCE NAME public.auth_group_id_seq
    START WITH 1
    INCREMENT BY 1
    NO MINVALUE
    NO MAXVALUE
    CACHE 1
);


--
-- TOC entry 243 (class 1259 OID 20047)
-- Name: auth_group_permissions; Type: TABLE; Schema: public; Owner: postgres
--

CREATE TABLE public.auth_group_permissions (
    id bigint NOT NULL,
    group_id integer NOT NULL,
    permission_id integer NOT NULL
);


ALTER TABLE public.auth_group_permissions OWNER TO postgres;

--
-- TOC entry 242 (class 1259 OID 20046)
-- Name: auth_group_permissions_id_seq; Type: SEQUENCE; Schema: public; Owner: postgres
--

ALTER TABLE public.auth_group_permissions ALTER COLUMN id ADD GENERATED BY DEFAULT AS IDENTITY (
    SEQUENCE NAME public.auth_group_permissions_id_seq
    START WITH 1
    INCREMENT BY 1
    NO MINVALUE
    NO MAXVALUE
    CACHE 1
);


--
-- TOC entry 239 (class 1259 OID 20033)
-- Name: auth_permission; Type: TABLE; Schema: public; Owner: postgres
--

CREATE TABLE public.auth_permission (
    id integer NOT NULL,
    name character varying(255) NOT NULL,
    content_type_id integer NOT NULL,
    codename character varying(100) NOT NULL
);


ALTER TABLE public.auth_permission OWNER TO postgres;

--
-- TOC entry 238 (class 1259 OID 20032)
-- Name: auth_permission_id_seq; Type: SEQUENCE; Schema: public; Owner: postgres
--

ALTER TABLE public.auth_permission ALTER COLUMN id ADD GENERATED BY DEFAULT AS IDENTITY (
    SEQUENCE NAME public.auth_permission_id_seq
    START WITH 1
    INCREMENT BY 1
    NO MINVALUE
    NO MAXVALUE
    CACHE 1
);


--
-- TOC entry 244 (class 1259 OID 20078)
-- Name: authtoken_token; Type: TABLE; Schema: public; Owner: postgres
--

CREATE TABLE public.authtoken_token (
    key character varying(40) NOT NULL,
    created timestamp with time zone NOT NULL,
    user_id character varying(50) NOT NULL
);


ALTER TABLE public.authtoken_token OWNER TO postgres;

--
-- TOC entry 219 (class 1259 OID 19811)
-- Name: core_department; Type: TABLE; Schema: public; Owner: postgres
--

CREATE TABLE public.core_department (
    department_id character varying(10) NOT NULL,
    department_name character varying(100) NOT NULL
);


ALTER TABLE public.core_department OWNER TO postgres;

--
-- TOC entry 220 (class 1259 OID 19816)
-- Name: core_menu; Type: TABLE; Schema: public; Owner: postgres
--

CREATE TABLE public.core_menu (
    menu_id character varying(20) NOT NULL,
    menu_name character varying(100) NOT NULL,
    nemu_url character varying(200) NOT NULL
);


ALTER TABLE public.core_menu OWNER TO postgres;

--
-- TOC entry 246 (class 1259 OID 20102)
-- Name: core_module; Type: TABLE; Schema: public; Owner: postgres
--

CREATE TABLE public.core_module (
    module_id character varying(20) NOT NULL,
    module_name character varying(100) NOT NULL
);


ALTER TABLE public.core_module OWNER TO postgres;

--
-- TOC entry 233 (class 1259 OID 19878)
-- Name: core_permission; Type: TABLE; Schema: public; Owner: postgres
--

CREATE TABLE public.core_permission (
    id bigint NOT NULL,
    menu_id_id character varying(20) NOT NULL,
    role_id character varying(20) NOT NULL
);


ALTER TABLE public.core_permission OWNER TO postgres;

--
-- TOC entry 232 (class 1259 OID 19877)
-- Name: core_permission_id_seq; Type: SEQUENCE; Schema: public; Owner: postgres
--

ALTER TABLE public.core_permission ALTER COLUMN id ADD GENERATED BY DEFAULT AS IDENTITY (
    SEQUENCE NAME public.core_permission_id_seq
    START WITH 1
    INCREMENT BY 1
    NO MINVALUE
    NO MAXVALUE
    CACHE 1
);


--
-- TOC entry 226 (class 1259 OID 19847)
-- Name: core_problem; Type: TABLE; Schema: public; Owner: postgres
--

CREATE TABLE public.core_problem (
    problem_id character varying(20) NOT NULL,
    title character varying(255) NOT NULL,
    description text NOT NULL,
    priority character varying(10) NOT NULL,
    status character varying(15) NOT NULL,
    created_at timestamp with time zone NOT NULL,
    updated_at timestamp with time zone NOT NULL,
    last_updated timestamp with time zone NOT NULL,
    created_by_id character varying(50) NOT NULL,
    department_id character varying(10),
    user_group_id character varying(20),
    module_id character varying(20)
);


ALTER TABLE public.core_problem OWNER TO postgres;

--
-- TOC entry 227 (class 1259 OID 19854)
-- Name: core_problemattachment; Type: TABLE; Schema: public; Owner: postgres
--

CREATE TABLE public.core_problemattachment (
    problemattachment_id character varying(50) NOT NULL,
    file character varying(100) NOT NULL,
    file_type character varying(50) NOT NULL,
    uploaded_at timestamp with time zone NOT NULL,
    problem_id character varying(20) NOT NULL,
    uploaded_by_id character varying(50)
);


ALTER TABLE public.core_problemattachment OWNER TO postgres;

--
-- TOC entry 231 (class 1259 OID 19872)
-- Name: core_problemtag; Type: TABLE; Schema: public; Owner: postgres
--

CREATE TABLE public.core_problemtag (
    id bigint NOT NULL,
    problem_id character varying(20) NOT NULL,
    tag_id bigint NOT NULL
);


ALTER TABLE public.core_problemtag OWNER TO postgres;

--
-- TOC entry 230 (class 1259 OID 19871)
-- Name: core_problemtag_id_seq; Type: SEQUENCE; Schema: public; Owner: postgres
--

ALTER TABLE public.core_problemtag ALTER COLUMN id ADD GENERATED BY DEFAULT AS IDENTITY (
    SEQUENCE NAME public.core_problemtag_id_seq
    START WITH 1
    INCREMENT BY 1
    NO MINVALUE
    NO MAXVALUE
    CACHE 1
);


--
-- TOC entry 221 (class 1259 OID 19821)
-- Name: core_role; Type: TABLE; Schema: public; Owner: postgres
--

CREATE TABLE public.core_role (
    role_id character varying(20) NOT NULL,
    name character varying(50) NOT NULL
);


ALTER TABLE public.core_role OWNER TO postgres;

--
-- TOC entry 228 (class 1259 OID 19859)
-- Name: core_solution; Type: TABLE; Schema: public; Owner: postgres
--

CREATE TABLE public.core_solution (
    solution_id uuid NOT NULL,
    content text NOT NULL,
    is_final_solution boolean NOT NULL,
    created_at timestamp with time zone NOT NULL,
    solution_type character varying(30) NOT NULL,
    author_id character varying(50),
    problem_id character varying(20) NOT NULL
);


ALTER TABLE public.core_solution OWNER TO postgres;

--
-- TOC entry 229 (class 1259 OID 19866)
-- Name: core_solutionattachment; Type: TABLE; Schema: public; Owner: postgres
--

CREATE TABLE public.core_solutionattachment (
    solution_attachment_id character varying(36) NOT NULL,
    file character varying(100),
    file_type character varying(20) NOT NULL,
    uploaded_at timestamp with time zone NOT NULL,
    solution_id uuid NOT NULL,
    uploaded_by_id character varying(50)
);


ALTER TABLE public.core_solutionattachment OWNER TO postgres;

--
-- TOC entry 223 (class 1259 OID 19827)
-- Name: core_tag; Type: TABLE; Schema: public; Owner: postgres
--

CREATE TABLE public.core_tag (
    id bigint NOT NULL,
    tag_name character varying(50) NOT NULL
);


ALTER TABLE public.core_tag OWNER TO postgres;

--
-- TOC entry 222 (class 1259 OID 19826)
-- Name: core_tag_id_seq; Type: SEQUENCE; Schema: public; Owner: postgres
--

ALTER TABLE public.core_tag ALTER COLUMN id ADD GENERATED BY DEFAULT AS IDENTITY (
    SEQUENCE NAME public.core_tag_id_seq
    START WITH 1
    INCREMENT BY 1
    NO MINVALUE
    NO MAXVALUE
    CACHE 1
);


--
-- TOC entry 225 (class 1259 OID 19837)
-- Name: core_user; Type: TABLE; Schema: public; Owner: postgres
--

CREATE TABLE public.core_user (
    password character varying(128) NOT NULL,
    last_login timestamp with time zone,
    user_id character varying(50) NOT NULL,
    email character varying(254) NOT NULL,
    name character varying(100) NOT NULL,
    is_active boolean NOT NULL,
    is_staff boolean NOT NULL,
    is_superuser boolean NOT NULL,
    department_id character varying(10),
    role_id character varying(20),
    user_group_id character varying(20)
);


ALTER TABLE public.core_user OWNER TO postgres;

--
-- TOC entry 248 (class 1259 OID 20116)
-- Name: core_user_groups; Type: TABLE; Schema: public; Owner: postgres
--

CREATE TABLE public.core_user_groups (
    id bigint NOT NULL,
    user_id character varying(50) NOT NULL,
    group_id integer NOT NULL
);


ALTER TABLE public.core_user_groups OWNER TO postgres;

--
-- TOC entry 247 (class 1259 OID 20115)
-- Name: core_user_groups_id_seq; Type: SEQUENCE; Schema: public; Owner: postgres
--

ALTER TABLE public.core_user_groups ALTER COLUMN id ADD GENERATED BY DEFAULT AS IDENTITY (
    SEQUENCE NAME public.core_user_groups_id_seq
    START WITH 1
    INCREMENT BY 1
    NO MINVALUE
    NO MAXVALUE
    CACHE 1
);


--
-- TOC entry 250 (class 1259 OID 20122)
-- Name: core_user_user_permissions; Type: TABLE; Schema: public; Owner: postgres
--

CREATE TABLE public.core_user_user_permissions (
    id bigint NOT NULL,
    user_id character varying(50) NOT NULL,
    permission_id integer NOT NULL
);


ALTER TABLE public.core_user_user_permissions OWNER TO postgres;

--
-- TOC entry 249 (class 1259 OID 20121)
-- Name: core_user_user_permissions_id_seq; Type: SEQUENCE; Schema: public; Owner: postgres
--

ALTER TABLE public.core_user_user_permissions ALTER COLUMN id ADD GENERATED BY DEFAULT AS IDENTITY (
    SEQUENCE NAME public.core_user_user_permissions_id_seq
    START WITH 1
    INCREMENT BY 1
    NO MINVALUE
    NO MAXVALUE
    CACHE 1
);


--
-- TOC entry 224 (class 1259 OID 19832)
-- Name: core_usergroup; Type: TABLE; Schema: public; Owner: postgres
--

CREATE TABLE public.core_usergroup (
    user_group_id character varying(20) NOT NULL,
    usergroup_name character varying(100) NOT NULL
);


ALTER TABLE public.core_usergroup OWNER TO postgres;

--
-- TOC entry 237 (class 1259 OID 20011)
-- Name: django_admin_log; Type: TABLE; Schema: public; Owner: postgres
--

CREATE TABLE public.django_admin_log (
    id integer NOT NULL,
    action_time timestamp with time zone NOT NULL,
    object_id text,
    object_repr character varying(200) NOT NULL,
    action_flag smallint NOT NULL,
    change_message text NOT NULL,
    content_type_id integer,
    user_id character varying(50) NOT NULL,
    CONSTRAINT django_admin_log_action_flag_check CHECK ((action_flag >= 0))
);


ALTER TABLE public.django_admin_log OWNER TO postgres;

--
-- TOC entry 236 (class 1259 OID 20010)
-- Name: django_admin_log_id_seq; Type: SEQUENCE; Schema: public; Owner: postgres
--

ALTER TABLE public.django_admin_log ALTER COLUMN id ADD GENERATED BY DEFAULT AS IDENTITY (
    SEQUENCE NAME public.django_admin_log_id_seq
    START WITH 1
    INCREMENT BY 1
    NO MINVALUE
    NO MAXVALUE
    CACHE 1
);


--
-- TOC entry 235 (class 1259 OID 20003)
-- Name: django_content_type; Type: TABLE; Schema: public; Owner: postgres
--

CREATE TABLE public.django_content_type (
    id integer NOT NULL,
    app_label character varying(100) NOT NULL,
    model character varying(100) NOT NULL
);


ALTER TABLE public.django_content_type OWNER TO postgres;

--
-- TOC entry 234 (class 1259 OID 20002)
-- Name: django_content_type_id_seq; Type: SEQUENCE; Schema: public; Owner: postgres
--

ALTER TABLE public.django_content_type ALTER COLUMN id ADD GENERATED BY DEFAULT AS IDENTITY (
    SEQUENCE NAME public.django_content_type_id_seq
    START WITH 1
    INCREMENT BY 1
    NO MINVALUE
    NO MAXVALUE
    CACHE 1
);


--
-- TOC entry 218 (class 1259 OID 19804)
-- Name: django_migrations; Type: TABLE; Schema: public; Owner: postgres
--

CREATE TABLE public.django_migrations (
    id bigint NOT NULL,
    app character varying(255) NOT NULL,
    name character varying(255) NOT NULL,
    applied timestamp with time zone NOT NULL
);


ALTER TABLE public.django_migrations OWNER TO postgres;

--
-- TOC entry 217 (class 1259 OID 19803)
-- Name: django_migrations_id_seq; Type: SEQUENCE; Schema: public; Owner: postgres
--

ALTER TABLE public.django_migrations ALTER COLUMN id ADD GENERATED BY DEFAULT AS IDENTITY (
    SEQUENCE NAME public.django_migrations_id_seq
    START WITH 1
    INCREMENT BY 1
    NO MINVALUE
    NO MAXVALUE
    CACHE 1
);


--
-- TOC entry 245 (class 1259 OID 20092)
-- Name: django_session; Type: TABLE; Schema: public; Owner: postgres
--

CREATE TABLE public.django_session (
    session_key character varying(40) NOT NULL,
    session_data text NOT NULL,
    expire_date timestamp with time zone NOT NULL
);


ALTER TABLE public.django_session OWNER TO postgres;

--
-- TOC entry 5158 (class 0 OID 20039)
-- Dependencies: 241
-- Data for Name: auth_group; Type: TABLE DATA; Schema: public; Owner: postgres
--



--
-- TOC entry 5160 (class 0 OID 20047)
-- Dependencies: 243
-- Data for Name: auth_group_permissions; Type: TABLE DATA; Schema: public; Owner: postgres
--



--
-- TOC entry 5156 (class 0 OID 20033)
-- Dependencies: 239
-- Data for Name: auth_permission; Type: TABLE DATA; Schema: public; Owner: postgres
--

INSERT INTO public.auth_permission VALUES (1, 'Can add log entry', 1, 'add_logentry');
INSERT INTO public.auth_permission VALUES (2, 'Can change log entry', 1, 'change_logentry');
INSERT INTO public.auth_permission VALUES (3, 'Can delete log entry', 1, 'delete_logentry');
INSERT INTO public.auth_permission VALUES (4, 'Can view log entry', 1, 'view_logentry');
INSERT INTO public.auth_permission VALUES (5, 'Can add permission', 2, 'add_permission');
INSERT INTO public.auth_permission VALUES (6, 'Can change permission', 2, 'change_permission');
INSERT INTO public.auth_permission VALUES (7, 'Can delete permission', 2, 'delete_permission');
INSERT INTO public.auth_permission VALUES (8, 'Can view permission', 2, 'view_permission');
INSERT INTO public.auth_permission VALUES (9, 'Can add group', 3, 'add_group');
INSERT INTO public.auth_permission VALUES (10, 'Can change group', 3, 'change_group');
INSERT INTO public.auth_permission VALUES (11, 'Can delete group', 3, 'delete_group');
INSERT INTO public.auth_permission VALUES (12, 'Can view group', 3, 'view_group');
INSERT INTO public.auth_permission VALUES (13, 'Can add content type', 4, 'add_contenttype');
INSERT INTO public.auth_permission VALUES (14, 'Can change content type', 4, 'change_contenttype');
INSERT INTO public.auth_permission VALUES (15, 'Can delete content type', 4, 'delete_contenttype');
INSERT INTO public.auth_permission VALUES (16, 'Can view content type', 4, 'view_contenttype');
INSERT INTO public.auth_permission VALUES (17, 'Can add session', 5, 'add_session');
INSERT INTO public.auth_permission VALUES (18, 'Can change session', 5, 'change_session');
INSERT INTO public.auth_permission VALUES (19, 'Can delete session', 5, 'delete_session');
INSERT INTO public.auth_permission VALUES (20, 'Can view session', 5, 'view_session');
INSERT INTO public.auth_permission VALUES (21, 'Can add Token', 6, 'add_token');
INSERT INTO public.auth_permission VALUES (22, 'Can change Token', 6, 'change_token');
INSERT INTO public.auth_permission VALUES (23, 'Can delete Token', 6, 'delete_token');
INSERT INTO public.auth_permission VALUES (24, 'Can view Token', 6, 'view_token');
INSERT INTO public.auth_permission VALUES (25, 'Can add Token', 7, 'add_tokenproxy');
INSERT INTO public.auth_permission VALUES (26, 'Can change Token', 7, 'change_tokenproxy');
INSERT INTO public.auth_permission VALUES (27, 'Can delete Token', 7, 'delete_tokenproxy');
INSERT INTO public.auth_permission VALUES (28, 'Can view Token', 7, 'view_tokenproxy');
INSERT INTO public.auth_permission VALUES (29, 'Can add Department', 8, 'add_department');
INSERT INTO public.auth_permission VALUES (30, 'Can change Department', 8, 'change_department');
INSERT INTO public.auth_permission VALUES (31, 'Can delete Department', 8, 'delete_department');
INSERT INTO public.auth_permission VALUES (32, 'Can view Department', 8, 'view_department');
INSERT INTO public.auth_permission VALUES (33, 'Can add Menu', 9, 'add_menu');
INSERT INTO public.auth_permission VALUES (34, 'Can change Menu', 9, 'change_menu');
INSERT INTO public.auth_permission VALUES (35, 'Can delete Menu', 9, 'delete_menu');
INSERT INTO public.auth_permission VALUES (36, 'Can view Menu', 9, 'view_menu');
INSERT INTO public.auth_permission VALUES (37, 'Can add Role', 10, 'add_role');
INSERT INTO public.auth_permission VALUES (38, 'Can change Role', 10, 'change_role');
INSERT INTO public.auth_permission VALUES (39, 'Can delete Role', 10, 'delete_role');
INSERT INTO public.auth_permission VALUES (40, 'Can view Role', 10, 'view_role');
INSERT INTO public.auth_permission VALUES (41, 'Can add Tag', 11, 'add_tag');
INSERT INTO public.auth_permission VALUES (42, 'Can change Tag', 11, 'change_tag');
INSERT INTO public.auth_permission VALUES (43, 'Can delete Tag', 11, 'delete_tag');
INSERT INTO public.auth_permission VALUES (44, 'Can view Tag', 11, 'view_tag');
INSERT INTO public.auth_permission VALUES (45, 'Can add user group', 12, 'add_usergroup');
INSERT INTO public.auth_permission VALUES (46, 'Can change user group', 12, 'change_usergroup');
INSERT INTO public.auth_permission VALUES (47, 'Can delete user group', 12, 'delete_usergroup');
INSERT INTO public.auth_permission VALUES (48, 'Can view user group', 12, 'view_usergroup');
INSERT INTO public.auth_permission VALUES (49, 'Can add user', 13, 'add_user');
INSERT INTO public.auth_permission VALUES (50, 'Can change user', 13, 'change_user');
INSERT INTO public.auth_permission VALUES (51, 'Can delete user', 13, 'delete_user');
INSERT INTO public.auth_permission VALUES (52, 'Can view user', 13, 'view_user');
INSERT INTO public.auth_permission VALUES (53, 'Can add Problem', 14, 'add_problem');
INSERT INTO public.auth_permission VALUES (54, 'Can change Problem', 14, 'change_problem');
INSERT INTO public.auth_permission VALUES (55, 'Can delete Problem', 14, 'delete_problem');
INSERT INTO public.auth_permission VALUES (56, 'Can view Problem', 14, 'view_problem');
INSERT INTO public.auth_permission VALUES (57, 'Can add problem attachment', 15, 'add_problemattachment');
INSERT INTO public.auth_permission VALUES (58, 'Can change problem attachment', 15, 'change_problemattachment');
INSERT INTO public.auth_permission VALUES (59, 'Can delete problem attachment', 15, 'delete_problemattachment');
INSERT INTO public.auth_permission VALUES (60, 'Can view problem attachment', 15, 'view_problemattachment');
INSERT INTO public.auth_permission VALUES (61, 'Can add Solution', 16, 'add_solution');
INSERT INTO public.auth_permission VALUES (62, 'Can change Solution', 16, 'change_solution');
INSERT INTO public.auth_permission VALUES (63, 'Can delete Solution', 16, 'delete_solution');
INSERT INTO public.auth_permission VALUES (64, 'Can view Solution', 16, 'view_solution');
INSERT INTO public.auth_permission VALUES (65, 'Can add solution attachment', 17, 'add_solutionattachment');
INSERT INTO public.auth_permission VALUES (66, 'Can change solution attachment', 17, 'change_solutionattachment');
INSERT INTO public.auth_permission VALUES (67, 'Can delete solution attachment', 17, 'delete_solutionattachment');
INSERT INTO public.auth_permission VALUES (68, 'Can view solution attachment', 17, 'view_solutionattachment');
INSERT INTO public.auth_permission VALUES (69, 'Can add ProblemTag', 18, 'add_problemtag');
INSERT INTO public.auth_permission VALUES (70, 'Can change ProblemTag', 18, 'change_problemtag');
INSERT INTO public.auth_permission VALUES (71, 'Can delete ProblemTag', 18, 'delete_problemtag');
INSERT INTO public.auth_permission VALUES (72, 'Can view ProblemTag', 18, 'view_problemtag');
INSERT INTO public.auth_permission VALUES (73, 'Can add Permission', 19, 'add_permission');
INSERT INTO public.auth_permission VALUES (74, 'Can change Permission', 19, 'change_permission');
INSERT INTO public.auth_permission VALUES (75, 'Can delete Permission', 19, 'delete_permission');
INSERT INTO public.auth_permission VALUES (76, 'Can view Permission', 19, 'view_permission');
INSERT INTO public.auth_permission VALUES (77, 'Can add Module', 20, 'add_module');
INSERT INTO public.auth_permission VALUES (78, 'Can change Module', 20, 'change_module');
INSERT INTO public.auth_permission VALUES (79, 'Can delete Module', 20, 'delete_module');
INSERT INTO public.auth_permission VALUES (80, 'Can view Module', 20, 'view_module');


--
-- TOC entry 5161 (class 0 OID 20078)
-- Dependencies: 244
-- Data for Name: authtoken_token; Type: TABLE DATA; Schema: public; Owner: postgres
--



--
-- TOC entry 5136 (class 0 OID 19811)
-- Dependencies: 219
-- Data for Name: core_department; Type: TABLE DATA; Schema: public; Owner: postgres
--

INSERT INTO public.core_department VALUES ('01', 'Database Administrator');
INSERT INTO public.core_department VALUES ('02', 'Reporting');
INSERT INTO public.core_department VALUES ('03', 'Developer');


--
-- TOC entry 5137 (class 0 OID 19816)
-- Dependencies: 220
-- Data for Name: core_menu; Type: TABLE DATA; Schema: public; Owner: postgres
--

INSERT INTO public.core_menu VALUES ('dashboard', 'Dashboard', '/dashboard/');
INSERT INTO public.core_menu VALUES ('03', 'User Management', '/dashboard/users/');


--
-- TOC entry 5163 (class 0 OID 20102)
-- Dependencies: 246
-- Data for Name: core_module; Type: TABLE DATA; Schema: public; Owner: postgres
--

INSERT INTO public.core_module VALUES ('01', 'Report');
INSERT INTO public.core_module VALUES ('02', 'CI');
INSERT INTO public.core_module VALUES ('03', 'LN');
INSERT INTO public.core_module VALUES ('04', 'DD');
INSERT INTO public.core_module VALUES ('05', 'BP');


--
-- TOC entry 5150 (class 0 OID 19878)
-- Dependencies: 233
-- Data for Name: core_permission; Type: TABLE DATA; Schema: public; Owner: postgres
--

INSERT INTO public.core_permission VALUES (2, '03', '02');
INSERT INTO public.core_permission VALUES (3, 'dashboard', '02');


--
-- TOC entry 5143 (class 0 OID 19847)
-- Dependencies: 226
-- Data for Name: core_problem; Type: TABLE DATA; Schema: public; Owner: postgres
--

INSERT INTO public.core_problem VALUES ('WF6012', '[THIS RECORD NEED AML VERIFICATION PLEASE WAIT A SECONDS AND TRY AGAIN]', 'Solved Error!', 'High', 'Resolved ✅', '2025-06-26 13:24:49.616278+07', '2025-06-26 14:23:19.716025+07', '2025-06-26 14:23:19.716025+07', '2cd7a1ad-d03f-43a8-a34d-758a5e526935', '02', NULL, '04');
INSERT INTO public.core_problem VALUES ('DD5901', '[MAX AGE LESS THAN MIN AGE]', 'Root Cause：
Maximum age must be greater than or equal to minimum age.', 'High', 'Resolved ✅', '2025-06-26 15:13:45.841258+07', '2025-06-26 15:14:06.532988+07', '2025-06-26 15:14:06.532988+07', '2cd7a1ad-d03f-43a8-a34d-758a5e526935', '02', NULL, '04');
INSERT INTO public.core_problem VALUES ('DD1853', '[DD PRODUCT CONTROL RECORD NOT FOUND]', 'Root Cause：
Basic product code not exist.', 'Medium', 'Resolved ✅', '2025-06-26 15:20:45.940563+07', '2025-06-26 15:21:13.117994+07', '2025-06-26 15:21:13.117994+07', '2cd7a1ad-d03f-43a8-a34d-758a5e526935', '02', NULL, '04');
INSERT INTO public.core_problem VALUES ('DD1161', '[THE TOP LEVEL AMOUNT IS NOT EQUAL 99999999999999.99]', 'Root Cause：
The top level tiered amount must be 99,999,999,999,999.99', 'High', 'Resolved ✅', '2025-06-26 15:38:12.890545+07', '2025-06-26 15:38:38.93524+07', '2025-06-26 15:38:38.93524+07', '2cd7a1ad-d03f-43a8-a34d-758a5e526935', '02', NULL, '04');
INSERT INTO public.core_problem VALUES ('DD1241', '[HIGH/LOW FLAG MUST INPUT]', 'Root Cause：
Take interest rate High/Low sign field can’t be null.', 'High', 'Resolved ✅', '2025-06-26 15:41:41.467268+07', '2025-06-26 15:42:00.535572+07', '2025-06-26 15:42:00.535572+07', '2cd7a1ad-d03f-43a8-a34d-758a5e526935', '02', NULL, '04');
INSERT INTO public.core_problem VALUES ('BP1502', '[RECORD EXIST]', 'Root Cause：
Saleable product code is exist.', 'High', 'Resolved ✅', '2025-06-26 15:45:35.484261+07', '2025-06-26 15:45:52.368926+07', '2025-06-26 15:45:52.368926+07', '2cd7a1ad-d03f-43a8-a34d-758a5e526935', '02', NULL, '04');
INSERT INTO public.core_problem VALUES ('BP3015', '[THE PRODUCT RECORD NO EXIST.]', 'Root Cause：
Basic product code is not exist.', 'High', 'Resolved ✅', '2025-06-26 15:48:17.399456+07', '2025-06-26 15:48:36.028045+07', '2025-06-26 15:48:36.028045+07', '2cd7a1ad-d03f-43a8-a34d-758a5e526935', '02', NULL, '04');
INSERT INTO public.core_problem VALUES ('CI8064', '[CUSTOMER NOT EXIST]', 'Root Cause：
The customer number entered does not exist', 'High', 'Resolved ✅', '2025-06-26 15:51:34.473823+07', '2025-06-26 15:51:53.169244+07', '2025-06-26 15:51:53.169244+07', '2cd7a1ad-d03f-43a8-a34d-758a5e526935', '02', NULL, '04');
INSERT INTO public.core_problem VALUES ('BP3661', '[PERSON CUSTOMER CANNOT BUY THIS PRODUCT]', 'Root Cause：
This product is for corporate customers or financial customers, individual customers cannot use this product', 'High', 'Resolved ✅', '2025-06-26 16:03:39.474657+07', '2025-06-26 16:03:58.69589+07', '2025-06-26 16:03:58.69589+07', '2cd7a1ad-d03f-43a8-a34d-758a5e526935', '02', NULL, '05');
INSERT INTO public.core_problem VALUES ('DD1452', '[AVAILABLE BALANCE IS NOT ENOUGH,AC NO: 0011208554510]', 'Root Cause：
Current account balance is not enough', 'High', 'Resolved ✅', '2025-06-27 11:30:03.828409+07', '2025-06-27 11:30:52.854318+07', '2025-06-27 11:30:52.854318+07', '01668', '02', NULL, '04');
INSERT INTO public.core_problem VALUES ('BP1308', '[THE LENGTH OF VOUCHER NUMBER IS WRONG.]', 'Root Cause：
Incorrect entry in the Passbook Number field', 'High', 'Resolved ✅', '2025-06-27 01:01:03.239781+07', '2025-06-27 01:06:28.026197+07', '2025-06-27 01:06:28.026197+07', '2cd7a1ad-d03f-43a8-a34d-758a5e526935', '02', NULL, '05');
INSERT INTO public.core_problem VALUES ('BP1319', '[BLANK VOUCHER NOT FOUND OR HAD BEEN USED]', 'Root Cause：
Incorrect entry in the Passbook Number field', 'High', 'Resolved ✅', '2025-06-27 01:16:08.415746+07', '2025-06-27 01:19:54.325079+07', '2025-06-27 01:19:54.325079+07', '2cd7a1ad-d03f-43a8-a34d-758a5e526935', '02', NULL, '05');
INSERT INTO public.core_problem VALUES ('0111800', 'The currency of the account has been cleared', 'Root Cause：
The currency of the account has been cleared, no need settle again.', 'High', 'Resolved ✅', '2025-06-27 01:25:17.237822+07', '2025-06-27 01:25:57.589577+07', '2025-06-27 01:25:57.589577+07', '2cd7a1ad-d03f-43a8-a34d-758a5e526935', '02', NULL, '05');
INSERT INTO public.core_problem VALUES ('DD7067', '[DD AC HAVE LN CONT 00104230000024]', 'Root Cause：
The DD account is the drawdown or repayment account of the loan contract and cannot be closed.', 'High', 'Resolved ✅', '2025-06-27 01:29:16.757903+07', '2025-06-27 01:29:35.348948+07', '2025-06-27 01:29:35.348948+07', '2cd7a1ad-d03f-43a8-a34d-758a5e526935', '02', NULL, '04');
INSERT INTO public.core_problem VALUES ('DD7065', '[ACCOUNT HAS PENDING FEE]', 'Root Cause：
There are outstanding charges on the DD account.', 'High', 'Resolved ✅', '2025-06-27 09:19:20.427352+07', '2025-06-27 09:20:06.123276+07', '2025-06-27 09:20:06.123276+07', '2cd7a1ad-d03f-43a8-a34d-758a5e526935', '02', NULL, '04');
INSERT INTO public.core_problem VALUES ('DD7484', '[ACCOUNT IS THE INTEREST SETTLEMENT ACCOUNT CAN NOT CONTINUE TRANSACTION 8000010100000660]', 'Root Cause：
The DD account is the interest booking account of other DD account and cannot be closed.', 'High', 'Resolved ✅', '2025-06-27 09:24:03.15886+07', '2025-06-27 09:24:30.00332+07', '2025-06-27 09:24:30.00332+07', '2cd7a1ad-d03f-43a8-a34d-758a5e526935', '02', NULL, '04');
INSERT INTO public.core_problem VALUES ('DD7109', '[DD AC HAVE TD CONT 0011800278032 041]', 'Root Cause：
The DD account is the interest booking account of the TD contract and cannot be closed.', 'High', 'Resolved ✅', '2025-06-27 09:27:27.851222+07', '2025-06-27 09:27:53.166431+07', '2025-06-27 09:27:53.166431+07', '2cd7a1ad-d03f-43a8-a34d-758a5e526935', '02', NULL, '04');
INSERT INTO public.core_problem VALUES ('DD7165', '[THE ACCOUNT HAS A COLLECTION AND PAYMENT CONTRACT SI NO: SIP00100003247TRANSACTION: 0288040]', 'Root Cause：
The DD account is the collection and payment account of the AT contract and cannot be closed.', 'High', 'Resolved ✅', '2025-06-27 09:30:47.310331+07', '2025-06-27 09:31:09.262397+07', '2025-06-27 09:31:09.262397+07', '2cd7a1ad-d03f-43a8-a34d-758a5e526935', '02', NULL, '04');
INSERT INTO public.core_problem VALUES ('DD1363', '[UNCLOSED ACCOUNT NOT ALLOW TO REOPEN]', 'Root Cause：
Not closed account not allow reopen', 'High', 'Resolved ✅', '2025-06-27 09:34:41.459055+07', '2025-06-27 09:35:02.022869+07', '2025-06-27 09:35:02.022869+07', '2cd7a1ad-d03f-43a8-a34d-758a5e526935', '02', NULL, '04');
INSERT INTO public.core_problem VALUES ('DD1364', '[RETIREMENT/CHILDREN ACCOUNT NOT ALLOW TO REOPEN]', 'Root Cause：
Retirement or children account not allow reopen', 'High', 'Resolved ✅', '2025-06-27 09:40:20.77261+07', '2025-06-27 09:40:43.217158+07', '2025-06-27 09:40:43.217158+07', '2cd7a1ad-d03f-43a8-a34d-758a5e526935', '02', NULL, '04');
INSERT INTO public.core_problem VALUES ('0111700', 'Account Currency And Deposit Currency Need To Be The Same!!', 'Root Cause：
Cash deposit transactions do not support exchange, only with same currency transactions.', 'High', 'Resolved ✅', '2025-06-27 09:44:00.839201+07', '2025-06-27 09:47:31.63465+07', '2025-06-27 09:47:31.63465+07', '2cd7a1ad-d03f-43a8-a34d-758a5e526935', '02', NULL, '04');
INSERT INTO public.core_problem VALUES ('DD1232', '[ACCOUNT NOT SUPPORT INPUT CURRENCY]', 'Root Cause：
This account not support this currency.', 'High', 'Resolved ✅', '2025-06-27 09:50:35.716523+07', '2025-06-27 09:51:44.376875+07', '2025-06-27 09:51:44.376875+07', '2cd7a1ad-d03f-43a8-a34d-758a5e526935', '02', NULL, '04');
INSERT INTO public.core_problem VALUES ('DD7181', '[THIS TRANSACTION DOES NOT SUPPORT CROSS-CURRENCY]/DD7181 : [THIS TRANSACTION DOES NOT SUPPORT CROSS-CURRENCY]', 'Root Cause：
Cash withdrawal transactions do not support exchange, only with same currency transactions.', 'High', 'Resolved ✅', '2025-06-27 10:02:35.434156+07', '2025-06-27 11:13:36.443268+07', '2025-06-27 11:13:36.443268+07', '01668', '02', NULL, '04');
INSERT INTO public.core_problem VALUES ('AI8924', '[INTERNAL ACCOUNT CONTROL TABLE RECORD DOES NOT EXIST]', 'Root Cause：
The internal account control table of the entered GL does not exist', 'High', 'Resolved ✅', '2025-06-30 13:44:18.259457+07', '2025-07-01 16:33:34.616478+07', '2025-07-01 16:33:34.616478+07', '062025', '02', NULL, '05');


--
-- TOC entry 5144 (class 0 OID 19854)
-- Dependencies: 227
-- Data for Name: core_problemattachment; Type: TABLE DATA; Schema: public; Owner: postgres
--

INSERT INTO public.core_problemattachment VALUES ('8af99356-8139-4849-9628-f5f5ead2374e', 'attachments/WF6012.jpg', '', '2025-06-26 13:24:49.656726+07', 'WF6012', '2cd7a1ad-d03f-43a8-a34d-758a5e526935');
INSERT INTO public.core_problemattachment VALUES ('96efc8ed-6701-4006-971a-776096d9cb9b', 'attachments/DD5901.jpg', '', '2025-06-26 15:13:45.865265+07', 'DD5901', '2cd7a1ad-d03f-43a8-a34d-758a5e526935');
INSERT INTO public.core_problemattachment VALUES ('875d5cbf-9c5f-43a9-871f-fbfc876e79c7', 'attachments/DD1853.jpg', '', '2025-06-26 15:20:45.954596+07', 'DD1853', '2cd7a1ad-d03f-43a8-a34d-758a5e526935');
INSERT INTO public.core_problemattachment VALUES ('ab108596-ee79-4498-8397-8920f4cd7824', 'attachments/DD1161.jpg', '', '2025-06-26 15:38:12.910593+07', 'DD1161', '2cd7a1ad-d03f-43a8-a34d-758a5e526935');
INSERT INTO public.core_problemattachment VALUES ('eb42679b-f886-43ad-a223-4863f474a336', 'attachments/DD1241.jpg', '', '2025-06-26 15:41:41.476782+07', 'DD1241', '2cd7a1ad-d03f-43a8-a34d-758a5e526935');
INSERT INTO public.core_problemattachment VALUES ('ab6a3ffc-fb59-4d64-ae46-6754d91d6da3', 'attachments/BP1502.jpg', '', '2025-06-26 15:45:35.494296+07', 'BP1502', '2cd7a1ad-d03f-43a8-a34d-758a5e526935');
INSERT INTO public.core_problemattachment VALUES ('66806883-cce7-401f-a8d4-c80a58189695', 'attachments/BP3015.jpg', '', '2025-06-26 15:48:17.408231+07', 'BP3015', '2cd7a1ad-d03f-43a8-a34d-758a5e526935');
INSERT INTO public.core_problemattachment VALUES ('0aba8690-7417-42d2-9299-f33f901e81b0', 'attachments/CI8064.jpg', '', '2025-06-26 15:51:34.481945+07', 'CI8064', '2cd7a1ad-d03f-43a8-a34d-758a5e526935');
INSERT INTO public.core_problemattachment VALUES ('06f020e7-bee6-4177-9a90-0cf59d47a906', 'attachments/BP3661.jpg', '', '2025-06-26 16:03:39.481988+07', 'BP3661', '2cd7a1ad-d03f-43a8-a34d-758a5e526935');
INSERT INTO public.core_problemattachment VALUES ('5f244e93-3d30-4b3f-accf-775c8cce5ae2', 'attachments/BP1308.pdf', '', '2025-06-27 01:01:03.294415+07', 'BP1308', '2cd7a1ad-d03f-43a8-a34d-758a5e526935');
INSERT INTO public.core_problemattachment VALUES ('3b4ff9af-8de8-4c54-9f7f-0bbe66fc0cfd', 'attachments/BP1319q.pdf', '', '2025-06-27 01:16:08.430911+07', 'BP1319', '2cd7a1ad-d03f-43a8-a34d-758a5e526935');
INSERT INTO public.core_problemattachment VALUES ('1ceb3654-955c-4e76-b0fb-25b4ed3ef3d1', 'attachments/0111800.jpg', '', '2025-06-27 01:25:17.263823+07', '0111800', '2cd7a1ad-d03f-43a8-a34d-758a5e526935');
INSERT INTO public.core_problemattachment VALUES ('22ba85ef-c783-4c6a-814b-49d9077e1531', 'attachments/DD7067.jpg', '', '2025-06-27 01:29:16.774496+07', 'DD7067', '2cd7a1ad-d03f-43a8-a34d-758a5e526935');
INSERT INTO public.core_problemattachment VALUES ('9f77e38a-8f13-4a70-9b0b-78db27ec5200', 'attachments/DD7065.jpg', '', '2025-06-27 09:19:20.460355+07', 'DD7065', '2cd7a1ad-d03f-43a8-a34d-758a5e526935');
INSERT INTO public.core_problemattachment VALUES ('d4ec7891-3141-4af1-ac1a-b1248ae1924d', 'attachments/DD7484.jpg', '', '2025-06-27 09:24:03.166864+07', 'DD7484', '2cd7a1ad-d03f-43a8-a34d-758a5e526935');
INSERT INTO public.core_problemattachment VALUES ('f7004b43-2b5f-47c3-9cb6-4a2f7b0b86a1', 'attachments/DD7109.jpg', '', '2025-06-27 09:27:27.859555+07', 'DD7109', '2cd7a1ad-d03f-43a8-a34d-758a5e526935');
INSERT INTO public.core_problemattachment VALUES ('8cd5b2ee-3088-4301-8eae-18249a3951c5', 'attachments/DD7165.jpg', '', '2025-06-27 09:30:47.317001+07', 'DD7165', '2cd7a1ad-d03f-43a8-a34d-758a5e526935');
INSERT INTO public.core_problemattachment VALUES ('525b0b5a-add7-4fb4-b28d-cc561a6461cd', 'attachments/DD1363.jpg', '', '2025-06-27 09:34:41.470053+07', 'DD1363', '2cd7a1ad-d03f-43a8-a34d-758a5e526935');
INSERT INTO public.core_problemattachment VALUES ('f6baa7a2-3a22-4f5f-8fd6-4048891932a0', 'attachments/DD1364.jpg', '', '2025-06-27 09:40:20.780909+07', 'DD1364', '2cd7a1ad-d03f-43a8-a34d-758a5e526935');
INSERT INTO public.core_problemattachment VALUES ('2da77eb1-ec4b-4814-b652-5fb6b0592934', 'attachments/0111700.jpg', '', '2025-06-27 09:44:00.848201+07', '0111700', '2cd7a1ad-d03f-43a8-a34d-758a5e526935');
INSERT INTO public.core_problemattachment VALUES ('6bce979b-4c38-4afd-ad1b-edbd0e8befe3', 'attachments/DD1232.jpg', '', '2025-06-27 09:50:35.724529+07', 'DD1232', '2cd7a1ad-d03f-43a8-a34d-758a5e526935');
INSERT INTO public.core_problemattachment VALUES ('17c2b06b-96ae-4fd6-a587-1fddb0e00e1f', 'attachments/DD7181.jpg', '', '2025-06-27 10:02:35.450144+07', 'DD7181', '01668');
INSERT INTO public.core_problemattachment VALUES ('fe50697f-47b3-4887-a024-cf11a5133974', 'attachments/DD1452.jpg', '', '2025-06-27 11:30:03.835818+07', 'DD1452', '01668');
INSERT INTO public.core_problemattachment VALUES ('25e9cf31-8aee-43d6-81a1-41772c0b0e43', 'attachments/AI8924.jpg', '', '2025-06-30 13:44:18.282927+07', 'AI8924', '062025');


--
-- TOC entry 5148 (class 0 OID 19872)
-- Dependencies: 231
-- Data for Name: core_problemtag; Type: TABLE DATA; Schema: public; Owner: postgres
--



--
-- TOC entry 5138 (class 0 OID 19821)
-- Dependencies: 221
-- Data for Name: core_role; Type: TABLE DATA; Schema: public; Owner: postgres
--

INSERT INTO public.core_role VALUES ('02', 'Admin');
INSERT INTO public.core_role VALUES ('01', 'Staff');
INSERT INTO public.core_role VALUES ('admin', 'Admin');


--
-- TOC entry 5145 (class 0 OID 19859)
-- Dependencies: 228
-- Data for Name: core_solution; Type: TABLE DATA; Schema: public; Owner: postgres
--

INSERT INTO public.core_solution VALUES ('f58ba796-c9bb-46af-b98b-7cfecdd23729', 'ວິທີແກ້ໄຂ: ໃຫ້ AML Approve ສຳເລັດກ່ອນ ແລ້ວດຳເນີນການຂັ້ນຕອນຖັດໄປ', true, '2025-06-26 14:23:19.685503+07', 'text', '2cd7a1ad-d03f-43a8-a34d-758a5e526935', 'WF6012');
INSERT INTO public.core_solution VALUES ('4d999d4e-f385-4242-af18-9da19f6c8bc2', 'Resolution：
Adjust maximum age or minimum that make sure maximum age must be greater than or equal to minimum age.', true, '2025-06-26 15:14:06.52598+07', 'text', '2cd7a1ad-d03f-43a8-a34d-758a5e526935', 'DD5901');
INSERT INTO public.core_solution VALUES ('96c6bf53-5a55-496a-8893-e277b4828322', 'Resolution：
Add basic product first and then add product currency interest rate information.', true, '2025-06-26 15:21:13.113367+07', 'text', '2cd7a1ad-d03f-43a8-a34d-758a5e526935', 'DD1853');
INSERT INTO public.core_solution VALUES ('fd6d16d7-8767-41fc-b819-4b23b30b058d', 'Resolution：
Adjust top level tiered amount as 99,999,999,999,999.99', true, '2025-06-26 15:38:38.926706+07', 'text', '2cd7a1ad-d03f-43a8-a34d-758a5e526935', 'DD1161');
INSERT INTO public.core_solution VALUES ('9e56235c-2fce-4eff-bea7-a08e99b6c02b', 'Resolution：
Select an option of  take interest rate High/Low sign.', true, '2025-06-26 15:42:00.531575+07', 'text', '2cd7a1ad-d03f-43a8-a34d-758a5e526935', 'DD1241');
INSERT INTO public.core_solution VALUES ('728de053-4da2-41bd-b428-a11ffaf32bea', 'Resolution：
Add a new saleable product that no exist.', true, '2025-06-26 15:45:52.362404+07', 'text', '2cd7a1ad-d03f-43a8-a34d-758a5e526935', 'BP1502');
INSERT INTO public.core_solution VALUES ('bb12c4e6-6fad-43b5-a5d3-5b3dd1fb1a7b', 'Resolution：
Add a basic product product first or change to another exist basic product.', true, '2025-06-26 15:48:36.024045+07', 'text', '2cd7a1ad-d03f-43a8-a34d-758a5e526935', 'BP3015');
INSERT INTO public.core_solution VALUES ('ad408b84-36ac-4200-b814-630e6fee6418', 'Resolution：
Enter a valid customer number that exists.', true, '2025-06-26 15:51:53.164229+07', 'text', '2cd7a1ad-d03f-43a8-a34d-758a5e526935', 'CI8064');
INSERT INTO public.core_solution VALUES ('e0631e68-66d2-4536-8646-3649344e73a2', 'Resolution：
Change to other product. Or can get product code by clicking “Get Product Code” button.', true, '2025-06-26 16:03:58.689839+07', 'text', '2cd7a1ad-d03f-43a8-a34d-758a5e526935', 'BP3661');
INSERT INTO public.core_solution VALUES ('18c24ea5-e5ab-47ce-9f30-62ae5989dfea', 'Resolution：
The correct length of the Passbook Number can be queried through the Voucher Product Parameter Maintenance [9993915] transaction, usually 6 digits are used.', true, '2025-06-27 01:06:27.947191+07', 'text', '2cd7a1ad-d03f-43a8-a34d-758a5e526935', 'BP1308');
INSERT INTO public.core_solution VALUES ('747acad9-ac65-4628-abb7-752936afbe71', 'Resolution：
1. Through the User Information Maintenance [9994995] transaction, you can check whether the teller you are using has the right to use the certificate. Only the teller who has checked the Voucher Box can use the voucher
2. The Passbook Number that can be used can be queried through the User Voucher Vault/Box Query [9993801] transaction', true, '2025-06-27 01:19:54.294928+07', 'text', '2cd7a1ad-d03f-43a8-a34d-758a5e526935', 'BP1319');
INSERT INTO public.core_solution VALUES ('64ea1210-fff6-4d4b-bd47-addd28c3afc4', 'Resolution：
Just go to close this account is okay.', true, '2025-06-27 01:25:34.691974+07', 'text', '2cd7a1ad-d03f-43a8-a34d-758a5e526935', '0111800');
INSERT INTO public.core_solution VALUES ('5e4699e1-31f5-476d-9f16-757ef38f0bb1', 'Resolution：
Just go to close this account is okay.', true, '2025-06-27 01:25:57.578595+07', 'text', '2cd7a1ad-d03f-43a8-a34d-758a5e526935', '0111800');
INSERT INTO public.core_solution VALUES ('60cfabf5-765a-44ff-9cba-5d2f76fe6e7e', 'Resolution：
Need cancel the relationship between loan contract and DD account in loan module before closing the DD account.', true, '2025-06-27 01:29:35.338947+07', 'text', '2cd7a1ad-d03f-43a8-a34d-758a5e526935', 'DD7067');
INSERT INTO public.core_solution VALUES ('1ff70158-3c8d-43c9-b2d0-558b6d940d53', 'Resolution：
Need clear all pending fee in BP-fee module.', true, '2025-06-27 09:20:06.104746+07', 'text', '2cd7a1ad-d03f-43a8-a34d-758a5e526935', 'DD7065');
INSERT INTO public.core_solution VALUES ('6191a2e4-09e5-48c6-9eb3-69b48c124cdc', 'Resolution：
Need cancel the relationship between this DD account and other DD account in DD module before closing the DD account.', true, '2025-06-27 09:24:29.99832+07', 'text', '2cd7a1ad-d03f-43a8-a34d-758a5e526935', 'DD7484');
INSERT INTO public.core_solution VALUES ('d3d1fe1f-54d8-4d8b-994c-b58ebe1c86da', 'Resolution：
Need cancel the relationship between TD contract and DD account in TD module before closing the DD account', true, '2025-06-27 09:27:53.162828+07', 'text', '2cd7a1ad-d03f-43a8-a34d-758a5e526935', 'DD7109');
INSERT INTO public.core_solution VALUES ('e0ab61ca-085e-49ba-8565-a3365dae6605', 'Resolution：
Need cancel the relationship between AT contract and DD account in AT module before closing the DD account', true, '2025-06-27 09:31:09.257396+07', 'text', '2cd7a1ad-d03f-43a8-a34d-758a5e526935', 'DD7165');
INSERT INTO public.core_solution VALUES ('8f87b872-7650-4251-a1ba-00dee1e2b357', 'Resolution：
Change to other account that account status is “V-Pending close account” or “C-Closed account”.', true, '2025-06-27 09:35:02.015871+07', 'text', '2cd7a1ad-d03f-43a8-a34d-758a5e526935', 'DD1363');
INSERT INTO public.core_solution VALUES ('2aba43db-5166-44e0-b0c1-337fb12f39d5', 'Resolution：
Retirement or children account not allow reopen, change to other account.', true, '2025-06-27 09:40:43.213156+07', 'text', '2cd7a1ad-d03f-43a8-a34d-758a5e526935', 'DD1364');
INSERT INTO public.core_solution VALUES ('e1d3717e-f842-40cb-af7b-79e4b01624f6', 'Resolution：
Use for same currency transaction or use Foreign Exchange - New [0801120] to exchange in EX module.', true, '2025-06-27 09:44:26.781767+07', 'text', '2cd7a1ad-d03f-43a8-a34d-758a5e526935', '0111700');
INSERT INTO public.core_solution VALUES ('768346be-a65f-453b-8436-b69e686a31c9', 'Resolution：
Use for same currency transaction or use Foreign Exchange - New [0801120] to exchange in EX module.', true, '2025-06-27 09:47:31.623661+07', 'text', '2cd7a1ad-d03f-43a8-a34d-758a5e526935', '0111700');
INSERT INTO public.core_solution VALUES ('aeb3fd07-8a28-438a-94e3-a6b4540d7013', 'Resolution：
Can check account currency by Account Balance Query [0118025] in DD module.', true, '2025-06-27 09:51:44.366431+07', 'text', '2cd7a1ad-d03f-43a8-a34d-758a5e526935', 'DD1232');
INSERT INTO public.core_solution VALUES ('2692192d-508d-4e21-914f-46f1cd6b3c87', 'Resolution：
Use for same currency transaction or use Foreign Exchange - New [0801120] to exchange in EX module.', true, '2025-06-27 11:13:36.413269+07', 'text', '2cd7a1ad-d03f-43a8-a34d-758a5e526935', 'DD7181');
INSERT INTO public.core_solution VALUES ('552b5fb3-3283-4fc5-9202-eb69b0018de5', 'Resolution：
Change to an current account with sufficient balance.', true, '2025-06-27 11:30:52.849836+07', 'text', '2cd7a1ad-d03f-43a8-a34d-758a5e526935', 'DD1452');
INSERT INTO public.core_solution VALUES ('4ad5be5d-bfb4-4468-ba92-2f0ad6cca663', 'Resolution：
Change to other GL. Or can check whether the internal account control table information is exist by Internal Account Control Table Maintenance [0015700] in AI module.', true, '2025-07-01 16:33:34.569981+07', 'text', '062025', 'AI8924');


--
-- TOC entry 5146 (class 0 OID 19866)
-- Dependencies: 229
-- Data for Name: core_solutionattachment; Type: TABLE DATA; Schema: public; Owner: postgres
--

INSERT INTO public.core_solutionattachment VALUES ('a49b05b8-8d52-4eb2-bbc6-a377c2e5e0e6', 'solution_attachments/BP1308s.pdf', 'file', '2025-06-27 01:06:28.002194+07', '18c24ea5-e5ab-47ce-9f30-62ae5989dfea', '2cd7a1ad-d03f-43a8-a34d-758a5e526935');
INSERT INTO public.core_solutionattachment VALUES ('492b053f-a404-4070-9dd9-3ed6b2324042', 'solution_attachments/BP1319.pdf', 'file', '2025-06-27 01:19:54.318076+07', '747acad9-ac65-4628-abb7-752936afbe71', '2cd7a1ad-d03f-43a8-a34d-758a5e526935');
INSERT INTO public.core_solutionattachment VALUES ('6c05e569-5403-4451-8681-bd4b299244cd', 'solution_attachments/DD7065s.jpg', 'file', '2025-06-27 09:20:06.117369+07', '1ff70158-3c8d-43c9-b2d0-558b6d940d53', '2cd7a1ad-d03f-43a8-a34d-758a5e526935');
INSERT INTO public.core_solutionattachment VALUES ('822e98df-9f63-42e2-b761-aef2b88f9430', 'solution_attachments/0111700s.jpg', 'file', '2025-06-27 09:47:31.630651+07', '768346be-a65f-453b-8436-b69e686a31c9', '2cd7a1ad-d03f-43a8-a34d-758a5e526935');
INSERT INTO public.core_solutionattachment VALUES ('1cee3d2a-76f5-40b4-b308-058a79dbd484', 'solution_attachments/DD1232S.jpg', 'file', '2025-06-27 09:51:44.373257+07', 'aeb3fd07-8a28-438a-94e3-a6b4540d7013', '2cd7a1ad-d03f-43a8-a34d-758a5e526935');
INSERT INTO public.core_solutionattachment VALUES ('4959ccb8-3983-4547-9a45-e4222b594e41', 'solution_attachments/DD7181s.jpg', 'file', '2025-06-27 11:13:36.438272+07', '2692192d-508d-4e21-914f-46f1cd6b3c87', '2cd7a1ad-d03f-43a8-a34d-758a5e526935');
INSERT INTO public.core_solutionattachment VALUES ('3126aa40-f830-4e08-97dd-b7c9c12f55c6', 'solution_attachments/AI8924S.jpg', 'file', '2025-07-01 16:33:34.601947+07', '4ad5be5d-bfb4-4468-ba92-2f0ad6cca663', '062025');


--
-- TOC entry 5140 (class 0 OID 19827)
-- Dependencies: 223
-- Data for Name: core_tag; Type: TABLE DATA; Schema: public; Owner: postgres
--



--
-- TOC entry 5142 (class 0 OID 19837)
-- Dependencies: 225
-- Data for Name: core_user; Type: TABLE DATA; Schema: public; Owner: postgres
--

INSERT INTO public.core_user VALUES ('', NULL, '01669', 'longyangpj@gmail.com', 'longyangpj', true, false, false, NULL, '01', '02');
INSERT INTO public.core_user VALUES ('', NULL, '01660', 'test1@gmail.com', 'test1', true, false, false, NULL, '01', '02');
INSERT INTO public.core_user VALUES ('', NULL, '00112', 'uhello@gmail.com', 'uhello', true, false, false, NULL, '01', '02');
INSERT INTO public.core_user VALUES ('pbkdf2_sha256$1000000$k28FaPupRMoRJBVvu8bbBw$2usC43MTjfI99tssYAXXPIXEShytB4w90OpaEQpmx3s=', '2025-07-02 00:13:21.10277+07', '062025', 'apbuser@mail.com', 'apbuser', true, false, false, NULL, NULL, NULL);
INSERT INTO public.core_user VALUES ('pbkdf2_sha256$1000000$i2KtCje3NuQY25lSE8e44I$/XKmAI1uZrU4L5dDBiJB2vxScIKedvRuS1MQS4afIds=', '2025-07-02 00:14:23.20559+07', '20256', 'testa@gmail.com', 'testa', true, false, false, NULL, NULL, NULL);
INSERT INTO public.core_user VALUES ('pbkdf2_sha256$1000000$18Ki8jwSAkFibzkQC8zkBP$nWFPZMj+i7koJS1XQilJ+vk8304xkcyaILfeBbd/55s=', '2025-06-27 11:29:09.012285+07', '01668', 'longyangpachongyang@mail.com', 'Lonygang Pachongyang', true, false, false, NULL, NULL, NULL);
INSERT INTO public.core_user VALUES ('pbkdf2_sha256$1000000$BOIoGdaYyFn9bc13blPNV2$3780XGr2DkP5Sy1qFzBGP6mEzI0yH2/UzQSrXeoVnB4=', '2025-06-23 16:40:00.587332+07', '0aa40bf9-0ee0-4c93-9318-84dea60902cf', 'user1@gmail.com', 'user1', true, false, false, '01', '01', '02');
INSERT INTO public.core_user VALUES ('pbkdf2_sha256$1000000$E1BVpzJxM1TWEa8NmmeLdy$GmC7n0J4t15qqJwqMAxdMymuxMp4X4APeNYI2QPAGgA=', '2025-06-25 16:51:36.272194+07', '010101', 'Demo@mail.com', 'Demo', true, false, false, NULL, NULL, NULL);
INSERT INTO public.core_user VALUES ('pbkdf2_sha256$1000000$PBPjctNEV5TV2fsM7qgM9A$64xbJJQ+miWgsgK+QTgI4/xvM7MB8dKkhb1ZL1+drdQ=', '2025-07-02 20:18:37.392726+07', '2cd7a1ad-d03f-43a8-a34d-758a5e526935', 'longyang@gmail.com', 'longyang', true, true, true, '02', '02', '01');
INSERT INTO public.core_user VALUES ('pbkdf2_sha256$1000000$qOCRYUyeRgPZCB6U3tEPJV$jD4XUV0fbLCJGkql3ZuHTlORjYdPqwvcZshiVz4l0bw=', '2025-06-25 08:35:53.244503+07', '089c7d14-c242-4624-b5e2-1ad37cd8e72f', 'test@example.com', 'test', true, false, false, '02', '01', '02');


--
-- TOC entry 5165 (class 0 OID 20116)
-- Dependencies: 248
-- Data for Name: core_user_groups; Type: TABLE DATA; Schema: public; Owner: postgres
--



--
-- TOC entry 5167 (class 0 OID 20122)
-- Dependencies: 250
-- Data for Name: core_user_user_permissions; Type: TABLE DATA; Schema: public; Owner: postgres
--



--
-- TOC entry 5141 (class 0 OID 19832)
-- Dependencies: 224
-- Data for Name: core_usergroup; Type: TABLE DATA; Schema: public; Owner: postgres
--

INSERT INTO public.core_usergroup VALUES ('01', 'Group A');
INSERT INTO public.core_usergroup VALUES ('02', 'Group B');


--
-- TOC entry 5154 (class 0 OID 20011)
-- Dependencies: 237
-- Data for Name: django_admin_log; Type: TABLE DATA; Schema: public; Owner: postgres
--

INSERT INTO public.django_admin_log VALUES (1, '2025-06-22 16:37:34.944711+07', '01', 'Database Administrator', 1, '[{"added": {}}]', 8, '2cd7a1ad-d03f-43a8-a34d-758a5e526935');
INSERT INTO public.django_admin_log VALUES (2, '2025-06-22 16:37:45.864536+07', '02', 'Reporting', 1, '[{"added": {}}]', 8, '2cd7a1ad-d03f-43a8-a34d-758a5e526935');
INSERT INTO public.django_admin_log VALUES (3, '2025-06-22 16:37:53.015311+07', '03', 'Devloper', 1, '[{"added": {}}]', 8, '2cd7a1ad-d03f-43a8-a34d-758a5e526935');
INSERT INTO public.django_admin_log VALUES (4, '2025-06-22 16:38:16.829634+07', '01', 'Dashboard', 1, '[{"added": {}}]', 9, '2cd7a1ad-d03f-43a8-a34d-758a5e526935');
INSERT INTO public.django_admin_log VALUES (5, '2025-06-22 16:38:43.968453+07', '02', 'Edit Problems', 1, '[{"added": {}}]', 9, '2cd7a1ad-d03f-43a8-a34d-758a5e526935');
INSERT INTO public.django_admin_log VALUES (6, '2025-06-22 16:39:55.678109+07', '03', 'User Management', 1, '[{"added": {}}]', 9, '2cd7a1ad-d03f-43a8-a34d-758a5e526935');
INSERT INTO public.django_admin_log VALUES (7, '2025-06-22 16:40:40.848057+07', '01', 'Group A', 1, '[{"added": {}}]', 12, '2cd7a1ad-d03f-43a8-a34d-758a5e526935');
INSERT INTO public.django_admin_log VALUES (8, '2025-06-22 16:40:49.429721+07', '02', 'Group B', 1, '[{"added": {}}]', 12, '2cd7a1ad-d03f-43a8-a34d-758a5e526935');
INSERT INTO public.django_admin_log VALUES (9, '2025-06-22 16:41:42.2871+07', '01', 'Staff', 1, '[{"added": {}}]', 10, '2cd7a1ad-d03f-43a8-a34d-758a5e526935');
INSERT INTO public.django_admin_log VALUES (10, '2025-06-22 16:41:55.825352+07', '02', 'Staff', 1, '[{"added": {}}]', 10, '2cd7a1ad-d03f-43a8-a34d-758a5e526935');
INSERT INTO public.django_admin_log VALUES (11, '2025-06-22 16:42:01.896171+07', '02', 'Staff', 3, '', 10, '2cd7a1ad-d03f-43a8-a34d-758a5e526935');
INSERT INTO public.django_admin_log VALUES (12, '2025-06-22 16:42:11.221344+07', '02', 'Admin', 1, '[{"added": {}}]', 10, '2cd7a1ad-d03f-43a8-a34d-758a5e526935');
INSERT INTO public.django_admin_log VALUES (13, '2025-06-22 16:42:55.217398+07', '2cd7a1ad-d03f-43a8-a34d-758a5e526935', 'longyang@gmail.com', 2, '[{"changed": {"fields": ["Department", "Role", "User group"]}}]', 13, '2cd7a1ad-d03f-43a8-a34d-758a5e526935');
INSERT INTO public.django_admin_log VALUES (14, '2025-06-23 10:27:01.587758+07', '01', 'Report', 1, '[{"added": {}}]', 20, '2cd7a1ad-d03f-43a8-a34d-758a5e526935');
INSERT INTO public.django_admin_log VALUES (15, '2025-06-23 10:27:13.515126+07', '02', 'CI', 1, '[{"added": {}}]', 20, '2cd7a1ad-d03f-43a8-a34d-758a5e526935');
INSERT INTO public.django_admin_log VALUES (16, '2025-06-23 10:27:21.882222+07', '03', 'LN', 1, '[{"added": {}}]', 20, '2cd7a1ad-d03f-43a8-a34d-758a5e526935');
INSERT INTO public.django_admin_log VALUES (17, '2025-06-23 10:31:23.985077+07', '3', 'Bad Request!!', 2, '[{"changed": {"fields": ["Module", "User group"]}}]', 14, '2cd7a1ad-d03f-43a8-a34d-758a5e526935');
INSERT INTO public.django_admin_log VALUES (18, '2025-06-23 10:32:06.188878+07', '3', 'Bad Request!!', 2, '[]', 14, '2cd7a1ad-d03f-43a8-a34d-758a5e526935');
INSERT INTO public.django_admin_log VALUES (19, '2025-06-23 10:32:19.441228+07', '2', 'Test Status Update!', 2, '[{"changed": {"fields": ["Module"]}}]', 14, '2cd7a1ad-d03f-43a8-a34d-758a5e526935');
INSERT INTO public.django_admin_log VALUES (20, '2025-06-23 10:35:14.158747+07', '3', 'Bad Request!!', 2, '[]', 14, '2cd7a1ad-d03f-43a8-a34d-758a5e526935');
INSERT INTO public.django_admin_log VALUES (21, '2025-06-23 10:35:27.209088+07', '1', '404 Bad request', 2, '[{"changed": {"fields": ["Module"]}}]', 14, '2cd7a1ad-d03f-43a8-a34d-758a5e526935');
INSERT INTO public.django_admin_log VALUES (22, '2025-06-23 10:40:10.514081+07', '2', 'Test Status Update!', 2, '[{"changed": {"fields": ["Module"]}}]', 14, '2cd7a1ad-d03f-43a8-a34d-758a5e526935');
INSERT INTO public.django_admin_log VALUES (23, '2025-06-23 10:41:38.969745+07', '3', 'Bad Request!!', 2, '[{"changed": {"fields": ["Module"]}}]', 14, '2cd7a1ad-d03f-43a8-a34d-758a5e526935');
INSERT INTO public.django_admin_log VALUES (24, '2025-06-23 10:42:15.025418+07', '2', 'Test Status Update!', 2, '[{"changed": {"fields": ["Module"]}}]', 14, '2cd7a1ad-d03f-43a8-a34d-758a5e526935');
INSERT INTO public.django_admin_log VALUES (25, '2025-06-23 10:55:48.598493+07', '02', 'Admin', 2, '[]', 10, '2cd7a1ad-d03f-43a8-a34d-758a5e526935');
INSERT INTO public.django_admin_log VALUES (26, '2025-06-23 10:56:01.350225+07', '1', 'Admin can access Dashboard', 1, '[{"added": {}}]', 19, '2cd7a1ad-d03f-43a8-a34d-758a5e526935');
INSERT INTO public.django_admin_log VALUES (27, '2025-06-23 10:56:28.426596+07', '2', 'Admin can access User Management', 1, '[{"added": {}}]', 19, '2cd7a1ad-d03f-43a8-a34d-758a5e526935');
INSERT INTO public.django_admin_log VALUES (28, '2025-06-23 11:03:15.648451+07', '02', 'Admin', 2, '[]', 10, '2cd7a1ad-d03f-43a8-a34d-758a5e526935');
INSERT INTO public.django_admin_log VALUES (29, '2025-06-23 11:03:20.393429+07', '01', 'Staff', 2, '[]', 10, '2cd7a1ad-d03f-43a8-a34d-758a5e526935');
INSERT INTO public.django_admin_log VALUES (30, '2025-06-23 11:05:25.309524+07', 'dashboard', 'Dashboard', 2, '[{"changed": {"fields": ["Menu id"]}}]', 9, '2cd7a1ad-d03f-43a8-a34d-758a5e526935');
INSERT INTO public.django_admin_log VALUES (31, '2025-06-23 11:05:48.067039+07', 'admin', 'Admin', 2, '[{"changed": {"fields": ["Role id"]}}]', 10, '2cd7a1ad-d03f-43a8-a34d-758a5e526935');
INSERT INTO public.django_admin_log VALUES (32, '2025-06-23 11:07:37.234267+07', '3', 'Admin can access Dashboard', 1, '[{"added": {}}]', 19, '2cd7a1ad-d03f-43a8-a34d-758a5e526935');
INSERT INTO public.django_admin_log VALUES (33, '2025-06-23 11:16:43.173364+07', '03', 'User Management', 2, '[{"changed": {"fields": ["Nemu url"]}}]', 9, '2cd7a1ad-d03f-43a8-a34d-758a5e526935');
INSERT INTO public.django_admin_log VALUES (34, '2025-06-23 13:57:50.035645+07', '01', 'Dashboard', 3, '', 9, '2cd7a1ad-d03f-43a8-a34d-758a5e526935');
INSERT INTO public.django_admin_log VALUES (35, '2025-06-23 13:58:38.567857+07', 'dashboard', 'Dashboard', 2, '[{"changed": {"fields": ["Nemu url"]}}]', 9, '2cd7a1ad-d03f-43a8-a34d-758a5e526935');
INSERT INTO public.django_admin_log VALUES (36, '2025-06-23 14:03:53.984863+07', 'dashboard', 'Dashboard', 2, '[{"changed": {"fields": ["Nemu url"]}}]', 9, '2cd7a1ad-d03f-43a8-a34d-758a5e526935');
INSERT INTO public.django_admin_log VALUES (37, '2025-06-23 14:05:57.223574+07', '0aa40bf9-0ee0-4c93-9318-84dea60902cf', 'user1@gmail.com', 2, '[{"changed": {"fields": ["User group"]}}]', 13, '2cd7a1ad-d03f-43a8-a34d-758a5e526935');
INSERT INTO public.django_admin_log VALUES (38, '2025-06-23 14:06:05.848935+07', '089c7d14-c242-4624-b5e2-1ad37cd8e72f', 'test@example.com', 2, '[{"changed": {"fields": ["User group"]}}]', 13, '2cd7a1ad-d03f-43a8-a34d-758a5e526935');
INSERT INTO public.django_admin_log VALUES (39, '2025-06-23 14:15:26.281874+07', '03', 'User Management', 2, '[{"changed": {"fields": ["Nemu url"]}}]', 9, '2cd7a1ad-d03f-43a8-a34d-758a5e526935');
INSERT INTO public.django_admin_log VALUES (40, '2025-06-23 14:16:28.260715+07', 'dashboard', 'Dashboard', 2, '[]', 9, '2cd7a1ad-d03f-43a8-a34d-758a5e526935');
INSERT INTO public.django_admin_log VALUES (41, '2025-06-23 14:19:42.20805+07', '02', 'Edit Problems', 3, '', 9, '2cd7a1ad-d03f-43a8-a34d-758a5e526935');
INSERT INTO public.django_admin_log VALUES (42, '2025-06-23 14:24:23.125964+07', '03', 'User Management', 2, '[{"changed": {"fields": ["Nemu url"]}}]', 9, '2cd7a1ad-d03f-43a8-a34d-758a5e526935');
INSERT INTO public.django_admin_log VALUES (43, '2025-06-24 10:44:19.599013+07', '03', 'Developer', 2, '[{"changed": {"fields": ["Department name"]}}]', 8, '2cd7a1ad-d03f-43a8-a34d-758a5e526935');
INSERT INTO public.django_admin_log VALUES (44, '2025-06-26 11:27:36.009474+07', '04', 'DD', 1, '[{"added": {}}]', 20, '2cd7a1ad-d03f-43a8-a34d-758a5e526935');
INSERT INTO public.django_admin_log VALUES (45, '2025-06-26 16:00:20.651357+07', '05', 'BP', 1, '[{"added": {}}]', 20, '2cd7a1ad-d03f-43a8-a34d-758a5e526935');
INSERT INTO public.django_admin_log VALUES (46, '2025-06-26 16:29:30.037288+07', '9', 'Demo', 3, '', 14, '2cd7a1ad-d03f-43a8-a34d-758a5e526935');
INSERT INTO public.django_admin_log VALUES (47, '2025-06-26 16:29:30.037288+07', '8', 'Method Post!', 3, '', 14, '2cd7a1ad-d03f-43a8-a34d-758a5e526935');
INSERT INTO public.django_admin_log VALUES (48, '2025-06-26 16:29:30.037288+07', '7', 'API TESTING', 3, '', 14, '2cd7a1ad-d03f-43a8-a34d-758a5e526935');
INSERT INTO public.django_admin_log VALUES (49, '2025-06-26 16:29:30.037288+07', '6', 'notification test', 3, '', 14, '2cd7a1ad-d03f-43a8-a34d-758a5e526935');
INSERT INTO public.django_admin_log VALUES (50, '2025-06-26 16:29:30.037288+07', '5', '202 - Bad Request', 3, '', 14, '2cd7a1ad-d03f-43a8-a34d-758a5e526935');
INSERT INTO public.django_admin_log VALUES (51, '2025-06-26 16:29:30.037288+07', '4', 'New Problem', 3, '', 14, '2cd7a1ad-d03f-43a8-a34d-758a5e526935');
INSERT INTO public.django_admin_log VALUES (52, '2025-06-26 16:29:30.037288+07', '3', 'Bad Request!!', 3, '', 14, '2cd7a1ad-d03f-43a8-a34d-758a5e526935');
INSERT INTO public.django_admin_log VALUES (53, '2025-06-26 16:29:30.037288+07', '2', 'Test Status Update!', 3, '', 14, '2cd7a1ad-d03f-43a8-a34d-758a5e526935');
INSERT INTO public.django_admin_log VALUES (54, '2025-06-26 16:29:30.038284+07', '12', 'Product Currency Interest Rate Parameter Maintenance[0115981] [DD PRODUCT CONTROL RECORD NOT FOUND]', 3, '', 14, '2cd7a1ad-d03f-43a8-a34d-758a5e526935');
INSERT INTO public.django_admin_log VALUES (55, '2025-06-26 16:29:30.038284+07', '11', 'Basic Product Information Maintenance Transaction[0115901]', 3, '', 14, '2cd7a1ad-d03f-43a8-a34d-758a5e526935');
INSERT INTO public.django_admin_log VALUES (56, '2025-06-26 16:29:30.038284+07', '10', 'System error:', 3, '', 14, '2cd7a1ad-d03f-43a8-a34d-758a5e526935');
INSERT INTO public.django_admin_log VALUES (57, '2025-06-26 16:29:30.038284+07', '1', '404 Bad request', 3, '', 14, '2cd7a1ad-d03f-43a8-a34d-758a5e526935');
INSERT INTO public.django_admin_log VALUES (58, '2025-06-26 17:16:18.380424+07', 'ahaha123', 'Test User ID', 3, '', 14, '2cd7a1ad-d03f-43a8-a34d-758a5e526935');
INSERT INTO public.django_admin_log VALUES (59, '2025-06-27 09:45:34.7602+07', '0111700', 'Account Currency And Deposit Currency Need To Be The Same!!', 2, '[{"changed": {"fields": ["Description"]}}]', 14, '2cd7a1ad-d03f-43a8-a34d-758a5e526935');
INSERT INTO public.django_admin_log VALUES (60, '2025-06-27 11:28:47.946716+07', 'DD1452', '[AVAILABLE BALANCE IS NOT ENOUGH,AC NO: 0011208554510]', 3, '', 14, '2cd7a1ad-d03f-43a8-a34d-758a5e526935');
INSERT INTO public.django_admin_log VALUES (61, '2025-07-02 00:05:05.687046+07', '443553', 'gsfgsdfgsfgsfdg', 3, '', 14, '2cd7a1ad-d03f-43a8-a34d-758a5e526935');
INSERT INTO public.django_admin_log VALUES (62, '2025-07-02 00:05:05.687046+07', '2343242', 'sdfsadfasdf', 3, '', 14, '2cd7a1ad-d03f-43a8-a34d-758a5e526935');
INSERT INTO public.django_admin_log VALUES (63, '2025-07-02 00:05:05.687046+07', '111222', 'dsfadfadsf', 3, '', 14, '2cd7a1ad-d03f-43a8-a34d-758a5e526935');
INSERT INTO public.django_admin_log VALUES (64, '2025-07-02 00:05:05.687046+07', '02022', 'This is test', 3, '', 14, '2cd7a1ad-d03f-43a8-a34d-758a5e526935');
INSERT INTO public.django_admin_log VALUES (65, '2025-07-02 00:05:05.687046+07', '010101', '010101', 3, '', 14, '2cd7a1ad-d03f-43a8-a34d-758a5e526935');
INSERT INTO public.django_admin_log VALUES (66, '2025-07-02 00:05:05.687046+07', '00987', 'jlkkk', 3, '', 14, '2cd7a1ad-d03f-43a8-a34d-758a5e526935');


--
-- TOC entry 5152 (class 0 OID 20003)
-- Dependencies: 235
-- Data for Name: django_content_type; Type: TABLE DATA; Schema: public; Owner: postgres
--

INSERT INTO public.django_content_type VALUES (1, 'admin', 'logentry');
INSERT INTO public.django_content_type VALUES (2, 'auth', 'permission');
INSERT INTO public.django_content_type VALUES (3, 'auth', 'group');
INSERT INTO public.django_content_type VALUES (4, 'contenttypes', 'contenttype');
INSERT INTO public.django_content_type VALUES (5, 'sessions', 'session');
INSERT INTO public.django_content_type VALUES (6, 'authtoken', 'token');
INSERT INTO public.django_content_type VALUES (7, 'authtoken', 'tokenproxy');
INSERT INTO public.django_content_type VALUES (8, 'core', 'department');
INSERT INTO public.django_content_type VALUES (9, 'core', 'menu');
INSERT INTO public.django_content_type VALUES (10, 'core', 'role');
INSERT INTO public.django_content_type VALUES (11, 'core', 'tag');
INSERT INTO public.django_content_type VALUES (12, 'core', 'usergroup');
INSERT INTO public.django_content_type VALUES (13, 'core', 'user');
INSERT INTO public.django_content_type VALUES (14, 'core', 'problem');
INSERT INTO public.django_content_type VALUES (15, 'core', 'problemattachment');
INSERT INTO public.django_content_type VALUES (16, 'core', 'solution');
INSERT INTO public.django_content_type VALUES (17, 'core', 'solutionattachment');
INSERT INTO public.django_content_type VALUES (18, 'core', 'problemtag');
INSERT INTO public.django_content_type VALUES (19, 'core', 'permission');
INSERT INTO public.django_content_type VALUES (20, 'core', 'module');


--
-- TOC entry 5135 (class 0 OID 19804)
-- Dependencies: 218
-- Data for Name: django_migrations; Type: TABLE DATA; Schema: public; Owner: postgres
--

INSERT INTO public.django_migrations VALUES (1, 'core', '0001_initial', '2025-06-22 16:29:10.169384+07');
INSERT INTO public.django_migrations VALUES (2, 'contenttypes', '0001_initial', '2025-06-22 16:29:10.187387+07');
INSERT INTO public.django_migrations VALUES (3, 'admin', '0001_initial', '2025-06-22 16:29:10.241683+07');
INSERT INTO public.django_migrations VALUES (4, 'admin', '0002_logentry_remove_auto_add', '2025-06-22 16:29:10.252687+07');
INSERT INTO public.django_migrations VALUES (5, 'admin', '0003_logentry_add_action_flag_choices', '2025-06-22 16:29:10.26694+07');
INSERT INTO public.django_migrations VALUES (6, 'contenttypes', '0002_remove_content_type_name', '2025-06-22 16:29:10.297936+07');
INSERT INTO public.django_migrations VALUES (7, 'auth', '0001_initial', '2025-06-22 16:29:10.400155+07');
INSERT INTO public.django_migrations VALUES (8, 'auth', '0002_alter_permission_name_max_length', '2025-06-22 16:29:10.422155+07');
INSERT INTO public.django_migrations VALUES (9, 'auth', '0003_alter_user_email_max_length', '2025-06-22 16:29:10.432152+07');
INSERT INTO public.django_migrations VALUES (10, 'auth', '0004_alter_user_username_opts', '2025-06-22 16:29:10.441154+07');
INSERT INTO public.django_migrations VALUES (11, 'auth', '0005_alter_user_last_login_null', '2025-06-22 16:29:10.449735+07');
INSERT INTO public.django_migrations VALUES (12, 'auth', '0006_require_contenttypes_0002', '2025-06-22 16:29:10.451742+07');
INSERT INTO public.django_migrations VALUES (13, 'auth', '0007_alter_validators_add_error_messages', '2025-06-22 16:29:10.460175+07');
INSERT INTO public.django_migrations VALUES (14, 'auth', '0008_alter_user_username_max_length', '2025-06-22 16:29:10.469179+07');
INSERT INTO public.django_migrations VALUES (15, 'auth', '0009_alter_user_last_name_max_length', '2025-06-22 16:29:10.479174+07');
INSERT INTO public.django_migrations VALUES (16, 'auth', '0010_alter_group_name_max_length', '2025-06-22 16:29:10.504812+07');
INSERT INTO public.django_migrations VALUES (17, 'auth', '0011_update_proxy_permissions', '2025-06-22 16:29:10.525203+07');
INSERT INTO public.django_migrations VALUES (18, 'auth', '0012_alter_user_first_name_max_length', '2025-06-22 16:29:10.53421+07');
INSERT INTO public.django_migrations VALUES (19, 'authtoken', '0001_initial', '2025-06-22 16:29:10.573144+07');
INSERT INTO public.django_migrations VALUES (20, 'authtoken', '0002_auto_20160226_1747', '2025-06-22 16:29:10.637145+07');
INSERT INTO public.django_migrations VALUES (21, 'authtoken', '0003_tokenproxy', '2025-06-22 16:29:10.641152+07');
INSERT INTO public.django_migrations VALUES (22, 'authtoken', '0004_alter_tokenproxy_options', '2025-06-22 16:29:10.646484+07');
INSERT INTO public.django_migrations VALUES (23, 'sessions', '0001_initial', '2025-06-22 16:29:10.669738+07');
INSERT INTO public.django_migrations VALUES (24, 'core', '0002_alter_problem_status', '2025-06-23 08:51:27.535001+07');
INSERT INTO public.django_migrations VALUES (25, 'core', '0003_module_problem_module', '2025-06-23 10:10:04.712955+07');
INSERT INTO public.django_migrations VALUES (26, 'core', '0004_user_groups_user_user_permissions', '2025-06-23 10:22:46.961909+07');
INSERT INTO public.django_migrations VALUES (27, 'core', '0005_rename_name_module_module_name_and_more', '2025-06-23 10:26:27.490531+07');
INSERT INTO public.django_migrations VALUES (28, 'core', '0002_alter_problem_problem_id', '2025-06-26 11:22:29.68333+07');


--
-- TOC entry 5162 (class 0 OID 20092)
-- Dependencies: 245
-- Data for Name: django_session; Type: TABLE DATA; Schema: public; Owner: postgres
--

INSERT INTO public.django_session VALUES ('4dhltddaxuxam486qutr518uxm32nsi8', '.eJxVzLsOwjAMheF3yUwjYsdxw8jOM1ROnFAuaqVeJsS7Q6UOMJ__Oy_Tybr03TqXqbupORnIyuJEGz1ibTxK2wh6bZhaoUIQIpI5_LIk-VGGzepdhuto8zgs0y3ZLbH7OtvLqOV53tu_g17m_quZfAAuvq2eRVxiJ0VroOpSgRpSdDnECEkUIRK4yBoC5qrMKEhg3h_6vED0:1uUM6x:KvGKx2vF8g8EB2b6zFJVPs3s-T4lPnAbVI025lif1qU', '2025-07-09 16:08:07.795627+07');
INSERT INTO public.django_session VALUES ('qd3buqk0ux5oxohuzw7adycbbwnn6aqf', '.eJxVzLsOwjAMheF3yUwjYsdxw8jOM1ROnFAuaqVeJsS7Q6UOMJ__Oy_Tybr03TqXqbupORnIyuJEGz1ibTxK2wh6bZhaoUIQIpI5_LIk-VGGzepdhuto8zgs0y3ZLbH7OtvLqOV53tu_g17m_quZfAAuvq2eRVxiJ0VroOpSgRpSdDnECEkUIRK4yBoC5qrMKEhg3h_6vED0:1uWqlM:qZ_p1vKAyd3luGgo72jFZYVePQ9K1kT80MbA5PSt4yY', '2025-07-16 13:16:08.02088+07');
INSERT INTO public.django_session VALUES ('rk2hn8zshaztg709zocyaw2ijnwthecf', '.eJxVzLsOwjAMheF3yUwjYsdxw8jOM1ROnFAuaqVeJsS7Q6UOMJ__Oy_Tybr03TqXqbupORnIyuJEGz1ibTxK2wh6bZhaoUIQIpI5_LIk-VGGzepdhuto8zgs0y3ZLbH7OtvLqOV53tu_g17m_quZfAAuvq2eRVxiJ0VroOpSgRpSdDnECEkUIRK4yBoC5qrMKEhg3h_6vED0:1uWxMD:ak4PoJCFPOlBaUiPlygEJUwW7HxoZXToaD6yhCOjmYc', '2025-07-16 20:18:37.423971+07');


--
-- TOC entry 5175 (class 0 OID 0)
-- Dependencies: 240
-- Name: auth_group_id_seq; Type: SEQUENCE SET; Schema: public; Owner: postgres
--

SELECT pg_catalog.setval('public.auth_group_id_seq', 1, false);


--
-- TOC entry 5176 (class 0 OID 0)
-- Dependencies: 242
-- Name: auth_group_permissions_id_seq; Type: SEQUENCE SET; Schema: public; Owner: postgres
--

SELECT pg_catalog.setval('public.auth_group_permissions_id_seq', 1, false);


--
-- TOC entry 5177 (class 0 OID 0)
-- Dependencies: 238
-- Name: auth_permission_id_seq; Type: SEQUENCE SET; Schema: public; Owner: postgres
--

SELECT pg_catalog.setval('public.auth_permission_id_seq', 80, true);


--
-- TOC entry 5178 (class 0 OID 0)
-- Dependencies: 232
-- Name: core_permission_id_seq; Type: SEQUENCE SET; Schema: public; Owner: postgres
--

SELECT pg_catalog.setval('public.core_permission_id_seq', 3, true);


--
-- TOC entry 5179 (class 0 OID 0)
-- Dependencies: 230
-- Name: core_problemtag_id_seq; Type: SEQUENCE SET; Schema: public; Owner: postgres
--

SELECT pg_catalog.setval('public.core_problemtag_id_seq', 1, false);


--
-- TOC entry 5180 (class 0 OID 0)
-- Dependencies: 222
-- Name: core_tag_id_seq; Type: SEQUENCE SET; Schema: public; Owner: postgres
--

SELECT pg_catalog.setval('public.core_tag_id_seq', 1, false);


--
-- TOC entry 5181 (class 0 OID 0)
-- Dependencies: 247
-- Name: core_user_groups_id_seq; Type: SEQUENCE SET; Schema: public; Owner: postgres
--

SELECT pg_catalog.setval('public.core_user_groups_id_seq', 1, false);


--
-- TOC entry 5182 (class 0 OID 0)
-- Dependencies: 249
-- Name: core_user_user_permissions_id_seq; Type: SEQUENCE SET; Schema: public; Owner: postgres
--

SELECT pg_catalog.setval('public.core_user_user_permissions_id_seq', 1, false);


--
-- TOC entry 5183 (class 0 OID 0)
-- Dependencies: 236
-- Name: django_admin_log_id_seq; Type: SEQUENCE SET; Schema: public; Owner: postgres
--

SELECT pg_catalog.setval('public.django_admin_log_id_seq', 66, true);


--
-- TOC entry 5184 (class 0 OID 0)
-- Dependencies: 234
-- Name: django_content_type_id_seq; Type: SEQUENCE SET; Schema: public; Owner: postgres
--

SELECT pg_catalog.setval('public.django_content_type_id_seq', 20, true);


--
-- TOC entry 5185 (class 0 OID 0)
-- Dependencies: 217
-- Name: django_migrations_id_seq; Type: SEQUENCE SET; Schema: public; Owner: postgres
--

SELECT pg_catalog.setval('public.django_migrations_id_seq', 28, true);


--
-- TOC entry 4926 (class 2606 OID 20076)
-- Name: auth_group auth_group_name_key; Type: CONSTRAINT; Schema: public; Owner: postgres
--

ALTER TABLE ONLY public.auth_group
    ADD CONSTRAINT auth_group_name_key UNIQUE (name);


--
-- TOC entry 4931 (class 2606 OID 20062)
-- Name: auth_group_permissions auth_group_permissions_group_id_permission_id_0cd325b0_uniq; Type: CONSTRAINT; Schema: public; Owner: postgres
--

ALTER TABLE ONLY public.auth_group_permissions
    ADD CONSTRAINT auth_group_permissions_group_id_permission_id_0cd325b0_uniq UNIQUE (group_id, permission_id);


--
-- TOC entry 4934 (class 2606 OID 20051)
-- Name: auth_group_permissions auth_group_permissions_pkey; Type: CONSTRAINT; Schema: public; Owner: postgres
--

ALTER TABLE ONLY public.auth_group_permissions
    ADD CONSTRAINT auth_group_permissions_pkey PRIMARY KEY (id);


--
-- TOC entry 4928 (class 2606 OID 20043)
-- Name: auth_group auth_group_pkey; Type: CONSTRAINT; Schema: public; Owner: postgres
--

ALTER TABLE ONLY public.auth_group
    ADD CONSTRAINT auth_group_pkey PRIMARY KEY (id);


--
-- TOC entry 4921 (class 2606 OID 20053)
-- Name: auth_permission auth_permission_content_type_id_codename_01ab375a_uniq; Type: CONSTRAINT; Schema: public; Owner: postgres
--

ALTER TABLE ONLY public.auth_permission
    ADD CONSTRAINT auth_permission_content_type_id_codename_01ab375a_uniq UNIQUE (content_type_id, codename);


--
-- TOC entry 4923 (class 2606 OID 20037)
-- Name: auth_permission auth_permission_pkey; Type: CONSTRAINT; Schema: public; Owner: postgres
--

ALTER TABLE ONLY public.auth_permission
    ADD CONSTRAINT auth_permission_pkey PRIMARY KEY (id);


--
-- TOC entry 4937 (class 2606 OID 20082)
-- Name: authtoken_token authtoken_token_pkey; Type: CONSTRAINT; Schema: public; Owner: postgres
--

ALTER TABLE ONLY public.authtoken_token
    ADD CONSTRAINT authtoken_token_pkey PRIMARY KEY (key);


--
-- TOC entry 4940 (class 2606 OID 20084)
-- Name: authtoken_token authtoken_token_user_id_key; Type: CONSTRAINT; Schema: public; Owner: postgres
--

ALTER TABLE ONLY public.authtoken_token
    ADD CONSTRAINT authtoken_token_user_id_key UNIQUE (user_id);


--
-- TOC entry 4845 (class 2606 OID 19815)
-- Name: core_department core_department_pkey; Type: CONSTRAINT; Schema: public; Owner: postgres
--

ALTER TABLE ONLY public.core_department
    ADD CONSTRAINT core_department_pkey PRIMARY KEY (department_id);


--
-- TOC entry 4848 (class 2606 OID 19820)
-- Name: core_menu core_menu_pkey; Type: CONSTRAINT; Schema: public; Owner: postgres
--

ALTER TABLE ONLY public.core_menu
    ADD CONSTRAINT core_menu_pkey PRIMARY KEY (menu_id);


--
-- TOC entry 4947 (class 2606 OID 20106)
-- Name: core_module core_module_pkey; Type: CONSTRAINT; Schema: public; Owner: postgres
--

ALTER TABLE ONLY public.core_module
    ADD CONSTRAINT core_module_pkey PRIMARY KEY (module_id);


--
-- TOC entry 4903 (class 2606 OID 19987)
-- Name: core_permission core_permission_menu_id_id_role_id_f6ab8fc0_uniq; Type: CONSTRAINT; Schema: public; Owner: postgres
--

ALTER TABLE ONLY public.core_permission
    ADD CONSTRAINT core_permission_menu_id_id_role_id_f6ab8fc0_uniq UNIQUE (menu_id_id, role_id);


--
-- TOC entry 4905 (class 2606 OID 19882)
-- Name: core_permission core_permission_pkey; Type: CONSTRAINT; Schema: public; Owner: postgres
--

ALTER TABLE ONLY public.core_permission
    ADD CONSTRAINT core_permission_pkey PRIMARY KEY (id);


--
-- TOC entry 4876 (class 2606 OID 20166)
-- Name: core_problem core_problem_pkey; Type: CONSTRAINT; Schema: public; Owner: postgres
--

ALTER TABLE ONLY public.core_problem
    ADD CONSTRAINT core_problem_pkey PRIMARY KEY (problem_id);


--
-- TOC entry 4880 (class 2606 OID 19858)
-- Name: core_problemattachment core_problemattachment_pkey; Type: CONSTRAINT; Schema: public; Owner: postgres
--

ALTER TABLE ONLY public.core_problemattachment
    ADD CONSTRAINT core_problemattachment_pkey PRIMARY KEY (problemattachment_id);


--
-- TOC entry 4897 (class 2606 OID 19876)
-- Name: core_problemtag core_problemtag_pkey; Type: CONSTRAINT; Schema: public; Owner: postgres
--

ALTER TABLE ONLY public.core_problemtag
    ADD CONSTRAINT core_problemtag_pkey PRIMARY KEY (id);


--
-- TOC entry 4850 (class 2606 OID 19825)
-- Name: core_role core_role_pkey; Type: CONSTRAINT; Schema: public; Owner: postgres
--

ALTER TABLE ONLY public.core_role
    ADD CONSTRAINT core_role_pkey PRIMARY KEY (role_id);


--
-- TOC entry 4888 (class 2606 OID 19865)
-- Name: core_solution core_solution_pkey; Type: CONSTRAINT; Schema: public; Owner: postgres
--

ALTER TABLE ONLY public.core_solution
    ADD CONSTRAINT core_solution_pkey PRIMARY KEY (solution_id);


--
-- TOC entry 4891 (class 2606 OID 19870)
-- Name: core_solutionattachment core_solutionattachment_pkey; Type: CONSTRAINT; Schema: public; Owner: postgres
--

ALTER TABLE ONLY public.core_solutionattachment
    ADD CONSTRAINT core_solutionattachment_pkey PRIMARY KEY (solution_attachment_id);


--
-- TOC entry 4853 (class 2606 OID 19831)
-- Name: core_tag core_tag_pkey; Type: CONSTRAINT; Schema: public; Owner: postgres
--

ALTER TABLE ONLY public.core_tag
    ADD CONSTRAINT core_tag_pkey PRIMARY KEY (id);


--
-- TOC entry 4861 (class 2606 OID 19845)
-- Name: core_user core_user_email_key; Type: CONSTRAINT; Schema: public; Owner: postgres
--

ALTER TABLE ONLY public.core_user
    ADD CONSTRAINT core_user_email_key UNIQUE (email);


--
-- TOC entry 4950 (class 2606 OID 20120)
-- Name: core_user_groups core_user_groups_pkey; Type: CONSTRAINT; Schema: public; Owner: postgres
--

ALTER TABLE ONLY public.core_user_groups
    ADD CONSTRAINT core_user_groups_pkey PRIMARY KEY (id);


--
-- TOC entry 4954 (class 2606 OID 20128)
-- Name: core_user_groups core_user_groups_user_id_group_id_c82fcad1_uniq; Type: CONSTRAINT; Schema: public; Owner: postgres
--

ALTER TABLE ONLY public.core_user_groups
    ADD CONSTRAINT core_user_groups_user_id_group_id_c82fcad1_uniq UNIQUE (user_id, group_id);


--
-- TOC entry 4863 (class 2606 OID 19843)
-- Name: core_user core_user_pkey; Type: CONSTRAINT; Schema: public; Owner: postgres
--

ALTER TABLE ONLY public.core_user
    ADD CONSTRAINT core_user_pkey PRIMARY KEY (user_id);


--
-- TOC entry 4957 (class 2606 OID 20126)
-- Name: core_user_user_permissions core_user_user_permissions_pkey; Type: CONSTRAINT; Schema: public; Owner: postgres
--

ALTER TABLE ONLY public.core_user_user_permissions
    ADD CONSTRAINT core_user_user_permissions_pkey PRIMARY KEY (id);


--
-- TOC entry 4961 (class 2606 OID 20143)
-- Name: core_user_user_permissions core_user_user_permissions_user_id_permission_id_73ea0daa_uniq; Type: CONSTRAINT; Schema: public; Owner: postgres
--

ALTER TABLE ONLY public.core_user_user_permissions
    ADD CONSTRAINT core_user_user_permissions_user_id_permission_id_73ea0daa_uniq UNIQUE (user_id, permission_id);


--
-- TOC entry 4855 (class 2606 OID 19836)
-- Name: core_usergroup core_usergroup_pkey; Type: CONSTRAINT; Schema: public; Owner: postgres
--

ALTER TABLE ONLY public.core_usergroup
    ADD CONSTRAINT core_usergroup_pkey PRIMARY KEY (user_group_id);


--
-- TOC entry 4916 (class 2606 OID 20018)
-- Name: django_admin_log django_admin_log_pkey; Type: CONSTRAINT; Schema: public; Owner: postgres
--

ALTER TABLE ONLY public.django_admin_log
    ADD CONSTRAINT django_admin_log_pkey PRIMARY KEY (id);


--
-- TOC entry 4911 (class 2606 OID 20009)
-- Name: django_content_type django_content_type_app_label_model_76bd3d3b_uniq; Type: CONSTRAINT; Schema: public; Owner: postgres
--

ALTER TABLE ONLY public.django_content_type
    ADD CONSTRAINT django_content_type_app_label_model_76bd3d3b_uniq UNIQUE (app_label, model);


--
-- TOC entry 4913 (class 2606 OID 20007)
-- Name: django_content_type django_content_type_pkey; Type: CONSTRAINT; Schema: public; Owner: postgres
--

ALTER TABLE ONLY public.django_content_type
    ADD CONSTRAINT django_content_type_pkey PRIMARY KEY (id);


--
-- TOC entry 4842 (class 2606 OID 19810)
-- Name: django_migrations django_migrations_pkey; Type: CONSTRAINT; Schema: public; Owner: postgres
--

ALTER TABLE ONLY public.django_migrations
    ADD CONSTRAINT django_migrations_pkey PRIMARY KEY (id);


--
-- TOC entry 4943 (class 2606 OID 20098)
-- Name: django_session django_session_pkey; Type: CONSTRAINT; Schema: public; Owner: postgres
--

ALTER TABLE ONLY public.django_session
    ADD CONSTRAINT django_session_pkey PRIMARY KEY (session_key);


--
-- TOC entry 4909 (class 2606 OID 19884)
-- Name: core_permission unique_permission; Type: CONSTRAINT; Schema: public; Owner: postgres
--

ALTER TABLE ONLY public.core_permission
    ADD CONSTRAINT unique_permission UNIQUE (menu_id_id, role_id);


--
-- TOC entry 4924 (class 1259 OID 20077)
-- Name: auth_group_name_a6ea08ec_like; Type: INDEX; Schema: public; Owner: postgres
--

CREATE INDEX auth_group_name_a6ea08ec_like ON public.auth_group USING btree (name varchar_pattern_ops);


--
-- TOC entry 4929 (class 1259 OID 20073)
-- Name: auth_group_permissions_group_id_b120cbf9; Type: INDEX; Schema: public; Owner: postgres
--

CREATE INDEX auth_group_permissions_group_id_b120cbf9 ON public.auth_group_permissions USING btree (group_id);


--
-- TOC entry 4932 (class 1259 OID 20074)
-- Name: auth_group_permissions_permission_id_84c5c92e; Type: INDEX; Schema: public; Owner: postgres
--

CREATE INDEX auth_group_permissions_permission_id_84c5c92e ON public.auth_group_permissions USING btree (permission_id);


--
-- TOC entry 4919 (class 1259 OID 20059)
-- Name: auth_permission_content_type_id_2f476e4b; Type: INDEX; Schema: public; Owner: postgres
--

CREATE INDEX auth_permission_content_type_id_2f476e4b ON public.auth_permission USING btree (content_type_id);


--
-- TOC entry 4935 (class 1259 OID 20090)
-- Name: authtoken_token_key_10f0b77e_like; Type: INDEX; Schema: public; Owner: postgres
--

CREATE INDEX authtoken_token_key_10f0b77e_like ON public.authtoken_token USING btree (key varchar_pattern_ops);


--
-- TOC entry 4938 (class 1259 OID 20091)
-- Name: authtoken_token_user_id_35299eff_like; Type: INDEX; Schema: public; Owner: postgres
--

CREATE INDEX authtoken_token_user_id_35299eff_like ON public.authtoken_token USING btree (user_id varchar_pattern_ops);


--
-- TOC entry 4843 (class 1259 OID 19885)
-- Name: core_department_department_id_2b6c0350_like; Type: INDEX; Schema: public; Owner: postgres
--

CREATE INDEX core_department_department_id_2b6c0350_like ON public.core_department USING btree (department_id varchar_pattern_ops);


--
-- TOC entry 4846 (class 1259 OID 19886)
-- Name: core_menu_menu_id_4c53995b_like; Type: INDEX; Schema: public; Owner: postgres
--

CREATE INDEX core_menu_menu_id_4c53995b_like ON public.core_menu USING btree (menu_id varchar_pattern_ops);


--
-- TOC entry 4945 (class 1259 OID 20112)
-- Name: core_module_module_id_b4bb8bdb_like; Type: INDEX; Schema: public; Owner: postgres
--

CREATE INDEX core_module_module_id_b4bb8bdb_like ON public.core_module USING btree (module_id varchar_pattern_ops);


--
-- TOC entry 4900 (class 1259 OID 19998)
-- Name: core_permission_menu_id_id_c30d7acf; Type: INDEX; Schema: public; Owner: postgres
--

CREATE INDEX core_permission_menu_id_id_c30d7acf ON public.core_permission USING btree (menu_id_id);


--
-- TOC entry 4901 (class 1259 OID 19999)
-- Name: core_permission_menu_id_id_c30d7acf_like; Type: INDEX; Schema: public; Owner: postgres
--

CREATE INDEX core_permission_menu_id_id_c30d7acf_like ON public.core_permission USING btree (menu_id_id varchar_pattern_ops);


--
-- TOC entry 4906 (class 1259 OID 20000)
-- Name: core_permission_role_id_ea2b8df5; Type: INDEX; Schema: public; Owner: postgres
--

CREATE INDEX core_permission_role_id_ea2b8df5 ON public.core_permission USING btree (role_id);


--
-- TOC entry 4907 (class 1259 OID 20001)
-- Name: core_permission_role_id_ea2b8df5_like; Type: INDEX; Schema: public; Owner: postgres
--

CREATE INDEX core_permission_role_id_ea2b8df5_like ON public.core_permission USING btree (role_id varchar_pattern_ops);


--
-- TOC entry 4869 (class 1259 OID 19927)
-- Name: core_problem_created_by_id_c4265002; Type: INDEX; Schema: public; Owner: postgres
--

CREATE INDEX core_problem_created_by_id_c4265002 ON public.core_problem USING btree (created_by_id);


--
-- TOC entry 4870 (class 1259 OID 19928)
-- Name: core_problem_created_by_id_c4265002_like; Type: INDEX; Schema: public; Owner: postgres
--

CREATE INDEX core_problem_created_by_id_c4265002_like ON public.core_problem USING btree (created_by_id varchar_pattern_ops);


--
-- TOC entry 4871 (class 1259 OID 19929)
-- Name: core_problem_department_id_64ccdf60; Type: INDEX; Schema: public; Owner: postgres
--

CREATE INDEX core_problem_department_id_64ccdf60 ON public.core_problem USING btree (department_id);


--
-- TOC entry 4872 (class 1259 OID 19930)
-- Name: core_problem_department_id_64ccdf60_like; Type: INDEX; Schema: public; Owner: postgres
--

CREATE INDEX core_problem_department_id_64ccdf60_like ON public.core_problem USING btree (department_id varchar_pattern_ops);


--
-- TOC entry 4873 (class 1259 OID 20113)
-- Name: core_problem_module_id_591eb782; Type: INDEX; Schema: public; Owner: postgres
--

CREATE INDEX core_problem_module_id_591eb782 ON public.core_problem USING btree (module_id);


--
-- TOC entry 4874 (class 1259 OID 20114)
-- Name: core_problem_module_id_591eb782_like; Type: INDEX; Schema: public; Owner: postgres
--

CREATE INDEX core_problem_module_id_591eb782_like ON public.core_problem USING btree (module_id varchar_pattern_ops);


--
-- TOC entry 4877 (class 1259 OID 19931)
-- Name: core_problem_user_group_id_69c9d238; Type: INDEX; Schema: public; Owner: postgres
--

CREATE INDEX core_problem_user_group_id_69c9d238 ON public.core_problem USING btree (user_group_id);


--
-- TOC entry 4878 (class 1259 OID 19932)
-- Name: core_problem_user_group_id_69c9d238_like; Type: INDEX; Schema: public; Owner: postgres
--

CREATE INDEX core_problem_user_group_id_69c9d238_like ON public.core_problem USING btree (user_group_id varchar_pattern_ops);


--
-- TOC entry 4881 (class 1259 OID 20181)
-- Name: core_problemattachment_problem_id_878005ae; Type: INDEX; Schema: public; Owner: postgres
--

CREATE INDEX core_problemattachment_problem_id_878005ae ON public.core_problemattachment USING btree (problem_id);


--
-- TOC entry 4882 (class 1259 OID 19943)
-- Name: core_problemattachment_problemattachment_id_1130dda0_like; Type: INDEX; Schema: public; Owner: postgres
--

CREATE INDEX core_problemattachment_problemattachment_id_1130dda0_like ON public.core_problemattachment USING btree (problemattachment_id varchar_pattern_ops);


--
-- TOC entry 4883 (class 1259 OID 19945)
-- Name: core_problemattachment_uploaded_by_id_fd913d46; Type: INDEX; Schema: public; Owner: postgres
--

CREATE INDEX core_problemattachment_uploaded_by_id_fd913d46 ON public.core_problemattachment USING btree (uploaded_by_id);


--
-- TOC entry 4884 (class 1259 OID 19946)
-- Name: core_problemattachment_uploaded_by_id_fd913d46_like; Type: INDEX; Schema: public; Owner: postgres
--

CREATE INDEX core_problemattachment_uploaded_by_id_fd913d46_like ON public.core_problemattachment USING btree (uploaded_by_id varchar_pattern_ops);


--
-- TOC entry 4898 (class 1259 OID 20190)
-- Name: core_problemtag_problem_id_d68ed2ac; Type: INDEX; Schema: public; Owner: postgres
--

CREATE INDEX core_problemtag_problem_id_d68ed2ac ON public.core_problemtag USING btree (problem_id);


--
-- TOC entry 4899 (class 1259 OID 19985)
-- Name: core_problemtag_tag_id_53500cd4; Type: INDEX; Schema: public; Owner: postgres
--

CREATE INDEX core_problemtag_tag_id_53500cd4 ON public.core_problemtag USING btree (tag_id);


--
-- TOC entry 4851 (class 1259 OID 19887)
-- Name: core_role_role_id_177c3737_like; Type: INDEX; Schema: public; Owner: postgres
--

CREATE INDEX core_role_role_id_177c3737_like ON public.core_role USING btree (role_id varchar_pattern_ops);


--
-- TOC entry 4885 (class 1259 OID 19957)
-- Name: core_solution_author_id_cfb92e6b; Type: INDEX; Schema: public; Owner: postgres
--

CREATE INDEX core_solution_author_id_cfb92e6b ON public.core_solution USING btree (author_id);


--
-- TOC entry 4886 (class 1259 OID 19958)
-- Name: core_solution_author_id_cfb92e6b_like; Type: INDEX; Schema: public; Owner: postgres
--

CREATE INDEX core_solution_author_id_cfb92e6b_like ON public.core_solution USING btree (author_id varchar_pattern_ops);


--
-- TOC entry 4889 (class 1259 OID 20197)
-- Name: core_solution_problem_id_f9835060; Type: INDEX; Schema: public; Owner: postgres
--

CREATE INDEX core_solution_problem_id_f9835060 ON public.core_solution USING btree (problem_id);


--
-- TOC entry 4892 (class 1259 OID 19970)
-- Name: core_solutionattachment_solution_attachment_id_58d63c3e_like; Type: INDEX; Schema: public; Owner: postgres
--

CREATE INDEX core_solutionattachment_solution_attachment_id_58d63c3e_like ON public.core_solutionattachment USING btree (solution_attachment_id varchar_pattern_ops);


--
-- TOC entry 4893 (class 1259 OID 19971)
-- Name: core_solutionattachment_solution_id_4a4c3dce; Type: INDEX; Schema: public; Owner: postgres
--

CREATE INDEX core_solutionattachment_solution_id_4a4c3dce ON public.core_solutionattachment USING btree (solution_id);


--
-- TOC entry 4894 (class 1259 OID 19972)
-- Name: core_solutionattachment_uploaded_by_id_f90da2c8; Type: INDEX; Schema: public; Owner: postgres
--

CREATE INDEX core_solutionattachment_uploaded_by_id_f90da2c8 ON public.core_solutionattachment USING btree (uploaded_by_id);


--
-- TOC entry 4895 (class 1259 OID 19973)
-- Name: core_solutionattachment_uploaded_by_id_f90da2c8_like; Type: INDEX; Schema: public; Owner: postgres
--

CREATE INDEX core_solutionattachment_uploaded_by_id_f90da2c8_like ON public.core_solutionattachment USING btree (uploaded_by_id varchar_pattern_ops);


--
-- TOC entry 4857 (class 1259 OID 19906)
-- Name: core_user_department_id_172c32d3; Type: INDEX; Schema: public; Owner: postgres
--

CREATE INDEX core_user_department_id_172c32d3 ON public.core_user USING btree (department_id);


--
-- TOC entry 4858 (class 1259 OID 19907)
-- Name: core_user_department_id_172c32d3_like; Type: INDEX; Schema: public; Owner: postgres
--

CREATE INDEX core_user_department_id_172c32d3_like ON public.core_user USING btree (department_id varchar_pattern_ops);


--
-- TOC entry 4859 (class 1259 OID 19905)
-- Name: core_user_email_92a71487_like; Type: INDEX; Schema: public; Owner: postgres
--

CREATE INDEX core_user_email_92a71487_like ON public.core_user USING btree (email varchar_pattern_ops);


--
-- TOC entry 4948 (class 1259 OID 20141)
-- Name: core_user_groups_group_id_fe8c697f; Type: INDEX; Schema: public; Owner: postgres
--

CREATE INDEX core_user_groups_group_id_fe8c697f ON public.core_user_groups USING btree (group_id);


--
-- TOC entry 4951 (class 1259 OID 20139)
-- Name: core_user_groups_user_id_70b4d9b8; Type: INDEX; Schema: public; Owner: postgres
--

CREATE INDEX core_user_groups_user_id_70b4d9b8 ON public.core_user_groups USING btree (user_id);


--
-- TOC entry 4952 (class 1259 OID 20140)
-- Name: core_user_groups_user_id_70b4d9b8_like; Type: INDEX; Schema: public; Owner: postgres
--

CREATE INDEX core_user_groups_user_id_70b4d9b8_like ON public.core_user_groups USING btree (user_id varchar_pattern_ops);


--
-- TOC entry 4864 (class 1259 OID 19908)
-- Name: core_user_role_id_8de62872; Type: INDEX; Schema: public; Owner: postgres
--

CREATE INDEX core_user_role_id_8de62872 ON public.core_user USING btree (role_id);


--
-- TOC entry 4865 (class 1259 OID 19909)
-- Name: core_user_role_id_8de62872_like; Type: INDEX; Schema: public; Owner: postgres
--

CREATE INDEX core_user_role_id_8de62872_like ON public.core_user USING btree (role_id varchar_pattern_ops);


--
-- TOC entry 4866 (class 1259 OID 19910)
-- Name: core_user_user_group_id_028a1873; Type: INDEX; Schema: public; Owner: postgres
--

CREATE INDEX core_user_user_group_id_028a1873 ON public.core_user USING btree (user_group_id);


--
-- TOC entry 4867 (class 1259 OID 19911)
-- Name: core_user_user_group_id_028a1873_like; Type: INDEX; Schema: public; Owner: postgres
--

CREATE INDEX core_user_user_group_id_028a1873_like ON public.core_user USING btree (user_group_id varchar_pattern_ops);


--
-- TOC entry 4868 (class 1259 OID 19904)
-- Name: core_user_user_id_5b0290bb_like; Type: INDEX; Schema: public; Owner: postgres
--

CREATE INDEX core_user_user_id_5b0290bb_like ON public.core_user USING btree (user_id varchar_pattern_ops);


--
-- TOC entry 4955 (class 1259 OID 20156)
-- Name: core_user_user_permissions_permission_id_35ccf601; Type: INDEX; Schema: public; Owner: postgres
--

CREATE INDEX core_user_user_permissions_permission_id_35ccf601 ON public.core_user_user_permissions USING btree (permission_id);


--
-- TOC entry 4958 (class 1259 OID 20154)
-- Name: core_user_user_permissions_user_id_085123d3; Type: INDEX; Schema: public; Owner: postgres
--

CREATE INDEX core_user_user_permissions_user_id_085123d3 ON public.core_user_user_permissions USING btree (user_id);


--
-- TOC entry 4959 (class 1259 OID 20155)
-- Name: core_user_user_permissions_user_id_085123d3_like; Type: INDEX; Schema: public; Owner: postgres
--

CREATE INDEX core_user_user_permissions_user_id_085123d3_like ON public.core_user_user_permissions USING btree (user_id varchar_pattern_ops);


--
-- TOC entry 4856 (class 1259 OID 19888)
-- Name: core_usergroup_user_group_id_02c20156_like; Type: INDEX; Schema: public; Owner: postgres
--

CREATE INDEX core_usergroup_user_group_id_02c20156_like ON public.core_usergroup USING btree (user_group_id varchar_pattern_ops);


--
-- TOC entry 4914 (class 1259 OID 20029)
-- Name: django_admin_log_content_type_id_c4bce8eb; Type: INDEX; Schema: public; Owner: postgres
--

CREATE INDEX django_admin_log_content_type_id_c4bce8eb ON public.django_admin_log USING btree (content_type_id);


--
-- TOC entry 4917 (class 1259 OID 20030)
-- Name: django_admin_log_user_id_c564eba6; Type: INDEX; Schema: public; Owner: postgres
--

CREATE INDEX django_admin_log_user_id_c564eba6 ON public.django_admin_log USING btree (user_id);


--
-- TOC entry 4918 (class 1259 OID 20031)
-- Name: django_admin_log_user_id_c564eba6_like; Type: INDEX; Schema: public; Owner: postgres
--

CREATE INDEX django_admin_log_user_id_c564eba6_like ON public.django_admin_log USING btree (user_id varchar_pattern_ops);


--
-- TOC entry 4941 (class 1259 OID 20100)
-- Name: django_session_expire_date_a5c62663; Type: INDEX; Schema: public; Owner: postgres
--

CREATE INDEX django_session_expire_date_a5c62663 ON public.django_session USING btree (expire_date);


--
-- TOC entry 4944 (class 1259 OID 20099)
-- Name: django_session_session_key_c0390e0f_like; Type: INDEX; Schema: public; Owner: postgres
--

CREATE INDEX django_session_session_key_c0390e0f_like ON public.django_session USING btree (session_key varchar_pattern_ops);


--
-- TOC entry 4982 (class 2606 OID 20068)
-- Name: auth_group_permissions auth_group_permissio_permission_id_84c5c92e_fk_auth_perm; Type: FK CONSTRAINT; Schema: public; Owner: postgres
--

ALTER TABLE ONLY public.auth_group_permissions
    ADD CONSTRAINT auth_group_permissio_permission_id_84c5c92e_fk_auth_perm FOREIGN KEY (permission_id) REFERENCES public.auth_permission(id) DEFERRABLE INITIALLY DEFERRED;


--
-- TOC entry 4983 (class 2606 OID 20063)
-- Name: auth_group_permissions auth_group_permissions_group_id_b120cbf9_fk_auth_group_id; Type: FK CONSTRAINT; Schema: public; Owner: postgres
--

ALTER TABLE ONLY public.auth_group_permissions
    ADD CONSTRAINT auth_group_permissions_group_id_b120cbf9_fk_auth_group_id FOREIGN KEY (group_id) REFERENCES public.auth_group(id) DEFERRABLE INITIALLY DEFERRED;


--
-- TOC entry 4981 (class 2606 OID 20054)
-- Name: auth_permission auth_permission_content_type_id_2f476e4b_fk_django_co; Type: FK CONSTRAINT; Schema: public; Owner: postgres
--

ALTER TABLE ONLY public.auth_permission
    ADD CONSTRAINT auth_permission_content_type_id_2f476e4b_fk_django_co FOREIGN KEY (content_type_id) REFERENCES public.django_content_type(id) DEFERRABLE INITIALLY DEFERRED;


--
-- TOC entry 4984 (class 2606 OID 20085)
-- Name: authtoken_token authtoken_token_user_id_35299eff_fk_core_user_user_id; Type: FK CONSTRAINT; Schema: public; Owner: postgres
--

ALTER TABLE ONLY public.authtoken_token
    ADD CONSTRAINT authtoken_token_user_id_35299eff_fk_core_user_user_id FOREIGN KEY (user_id) REFERENCES public.core_user(user_id) DEFERRABLE INITIALLY DEFERRED;


--
-- TOC entry 4977 (class 2606 OID 19988)
-- Name: core_permission core_permission_menu_id_id_c30d7acf_fk_core_menu_menu_id; Type: FK CONSTRAINT; Schema: public; Owner: postgres
--

ALTER TABLE ONLY public.core_permission
    ADD CONSTRAINT core_permission_menu_id_id_c30d7acf_fk_core_menu_menu_id FOREIGN KEY (menu_id_id) REFERENCES public.core_menu(menu_id) DEFERRABLE INITIALLY DEFERRED;


--
-- TOC entry 4978 (class 2606 OID 19993)
-- Name: core_permission core_permission_role_id_ea2b8df5_fk_core_role_role_id; Type: FK CONSTRAINT; Schema: public; Owner: postgres
--

ALTER TABLE ONLY public.core_permission
    ADD CONSTRAINT core_permission_role_id_ea2b8df5_fk_core_role_role_id FOREIGN KEY (role_id) REFERENCES public.core_role(role_id) DEFERRABLE INITIALLY DEFERRED;


--
-- TOC entry 4965 (class 2606 OID 19912)
-- Name: core_problem core_problem_created_by_id_c4265002_fk_core_user_user_id; Type: FK CONSTRAINT; Schema: public; Owner: postgres
--

ALTER TABLE ONLY public.core_problem
    ADD CONSTRAINT core_problem_created_by_id_c4265002_fk_core_user_user_id FOREIGN KEY (created_by_id) REFERENCES public.core_user(user_id) DEFERRABLE INITIALLY DEFERRED;


--
-- TOC entry 4966 (class 2606 OID 19917)
-- Name: core_problem core_problem_department_id_64ccdf60_fk_core_depa; Type: FK CONSTRAINT; Schema: public; Owner: postgres
--

ALTER TABLE ONLY public.core_problem
    ADD CONSTRAINT core_problem_department_id_64ccdf60_fk_core_depa FOREIGN KEY (department_id) REFERENCES public.core_department(department_id) DEFERRABLE INITIALLY DEFERRED;


--
-- TOC entry 4967 (class 2606 OID 20107)
-- Name: core_problem core_problem_module_id_591eb782_fk_core_module_module_id; Type: FK CONSTRAINT; Schema: public; Owner: postgres
--

ALTER TABLE ONLY public.core_problem
    ADD CONSTRAINT core_problem_module_id_591eb782_fk_core_module_module_id FOREIGN KEY (module_id) REFERENCES public.core_module(module_id) DEFERRABLE INITIALLY DEFERRED;


--
-- TOC entry 4968 (class 2606 OID 19922)
-- Name: core_problem core_problem_user_group_id_69c9d238_fk_core_user; Type: FK CONSTRAINT; Schema: public; Owner: postgres
--

ALTER TABLE ONLY public.core_problem
    ADD CONSTRAINT core_problem_user_group_id_69c9d238_fk_core_user FOREIGN KEY (user_group_id) REFERENCES public.core_usergroup(user_group_id) DEFERRABLE INITIALLY DEFERRED;


--
-- TOC entry 4969 (class 2606 OID 19938)
-- Name: core_problemattachment core_problemattachme_uploaded_by_id_fd913d46_fk_core_user; Type: FK CONSTRAINT; Schema: public; Owner: postgres
--

ALTER TABLE ONLY public.core_problemattachment
    ADD CONSTRAINT core_problemattachme_uploaded_by_id_fd913d46_fk_core_user FOREIGN KEY (uploaded_by_id) REFERENCES public.core_user(user_id) DEFERRABLE INITIALLY DEFERRED;


--
-- TOC entry 4970 (class 2606 OID 20207)
-- Name: core_problemattachment core_problemattachment_problem_id_878005ae_fk; Type: FK CONSTRAINT; Schema: public; Owner: postgres
--

ALTER TABLE ONLY public.core_problemattachment
    ADD CONSTRAINT core_problemattachment_problem_id_878005ae_fk FOREIGN KEY (problem_id) REFERENCES public.core_problem(problem_id) DEFERRABLE INITIALLY DEFERRED;


--
-- TOC entry 4975 (class 2606 OID 20212)
-- Name: core_problemtag core_problemtag_problem_id_d68ed2ac_fk; Type: FK CONSTRAINT; Schema: public; Owner: postgres
--

ALTER TABLE ONLY public.core_problemtag
    ADD CONSTRAINT core_problemtag_problem_id_d68ed2ac_fk FOREIGN KEY (problem_id) REFERENCES public.core_problem(problem_id) DEFERRABLE INITIALLY DEFERRED;


--
-- TOC entry 4976 (class 2606 OID 19979)
-- Name: core_problemtag core_problemtag_tag_id_53500cd4_fk_core_tag_id; Type: FK CONSTRAINT; Schema: public; Owner: postgres
--

ALTER TABLE ONLY public.core_problemtag
    ADD CONSTRAINT core_problemtag_tag_id_53500cd4_fk_core_tag_id FOREIGN KEY (tag_id) REFERENCES public.core_tag(id) DEFERRABLE INITIALLY DEFERRED;


--
-- TOC entry 4971 (class 2606 OID 19947)
-- Name: core_solution core_solution_author_id_cfb92e6b_fk_core_user_user_id; Type: FK CONSTRAINT; Schema: public; Owner: postgres
--

ALTER TABLE ONLY public.core_solution
    ADD CONSTRAINT core_solution_author_id_cfb92e6b_fk_core_user_user_id FOREIGN KEY (author_id) REFERENCES public.core_user(user_id) DEFERRABLE INITIALLY DEFERRED;


--
-- TOC entry 4972 (class 2606 OID 20217)
-- Name: core_solution core_solution_problem_id_f9835060_fk; Type: FK CONSTRAINT; Schema: public; Owner: postgres
--

ALTER TABLE ONLY public.core_solution
    ADD CONSTRAINT core_solution_problem_id_f9835060_fk FOREIGN KEY (problem_id) REFERENCES public.core_problem(problem_id) DEFERRABLE INITIALLY DEFERRED;


--
-- TOC entry 4973 (class 2606 OID 19960)
-- Name: core_solutionattachment core_solutionattachm_solution_id_4a4c3dce_fk_core_solu; Type: FK CONSTRAINT; Schema: public; Owner: postgres
--

ALTER TABLE ONLY public.core_solutionattachment
    ADD CONSTRAINT core_solutionattachm_solution_id_4a4c3dce_fk_core_solu FOREIGN KEY (solution_id) REFERENCES public.core_solution(solution_id) DEFERRABLE INITIALLY DEFERRED;


--
-- TOC entry 4974 (class 2606 OID 19965)
-- Name: core_solutionattachment core_solutionattachm_uploaded_by_id_f90da2c8_fk_core_user; Type: FK CONSTRAINT; Schema: public; Owner: postgres
--

ALTER TABLE ONLY public.core_solutionattachment
    ADD CONSTRAINT core_solutionattachm_uploaded_by_id_f90da2c8_fk_core_user FOREIGN KEY (uploaded_by_id) REFERENCES public.core_user(user_id) DEFERRABLE INITIALLY DEFERRED;


--
-- TOC entry 4962 (class 2606 OID 19889)
-- Name: core_user core_user_department_id_172c32d3_fk_core_depa; Type: FK CONSTRAINT; Schema: public; Owner: postgres
--

ALTER TABLE ONLY public.core_user
    ADD CONSTRAINT core_user_department_id_172c32d3_fk_core_depa FOREIGN KEY (department_id) REFERENCES public.core_department(department_id) DEFERRABLE INITIALLY DEFERRED;


--
-- TOC entry 4985 (class 2606 OID 20134)
-- Name: core_user_groups core_user_groups_group_id_fe8c697f_fk_auth_group_id; Type: FK CONSTRAINT; Schema: public; Owner: postgres
--

ALTER TABLE ONLY public.core_user_groups
    ADD CONSTRAINT core_user_groups_group_id_fe8c697f_fk_auth_group_id FOREIGN KEY (group_id) REFERENCES public.auth_group(id) DEFERRABLE INITIALLY DEFERRED;


--
-- TOC entry 4986 (class 2606 OID 20129)
-- Name: core_user_groups core_user_groups_user_id_70b4d9b8_fk_core_user_user_id; Type: FK CONSTRAINT; Schema: public; Owner: postgres
--

ALTER TABLE ONLY public.core_user_groups
    ADD CONSTRAINT core_user_groups_user_id_70b4d9b8_fk_core_user_user_id FOREIGN KEY (user_id) REFERENCES public.core_user(user_id) DEFERRABLE INITIALLY DEFERRED;


--
-- TOC entry 4963 (class 2606 OID 19894)
-- Name: core_user core_user_role_id_8de62872_fk_core_role_role_id; Type: FK CONSTRAINT; Schema: public; Owner: postgres
--

ALTER TABLE ONLY public.core_user
    ADD CONSTRAINT core_user_role_id_8de62872_fk_core_role_role_id FOREIGN KEY (role_id) REFERENCES public.core_role(role_id) DEFERRABLE INITIALLY DEFERRED;


--
-- TOC entry 4964 (class 2606 OID 19899)
-- Name: core_user core_user_user_group_id_028a1873_fk_core_user; Type: FK CONSTRAINT; Schema: public; Owner: postgres
--

ALTER TABLE ONLY public.core_user
    ADD CONSTRAINT core_user_user_group_id_028a1873_fk_core_user FOREIGN KEY (user_group_id) REFERENCES public.core_usergroup(user_group_id) DEFERRABLE INITIALLY DEFERRED;


--
-- TOC entry 4987 (class 2606 OID 20149)
-- Name: core_user_user_permissions core_user_user_permi_permission_id_35ccf601_fk_auth_perm; Type: FK CONSTRAINT; Schema: public; Owner: postgres
--

ALTER TABLE ONLY public.core_user_user_permissions
    ADD CONSTRAINT core_user_user_permi_permission_id_35ccf601_fk_auth_perm FOREIGN KEY (permission_id) REFERENCES public.auth_permission(id) DEFERRABLE INITIALLY DEFERRED;


--
-- TOC entry 4988 (class 2606 OID 20144)
-- Name: core_user_user_permissions core_user_user_permi_user_id_085123d3_fk_core_user; Type: FK CONSTRAINT; Schema: public; Owner: postgres
--

ALTER TABLE ONLY public.core_user_user_permissions
    ADD CONSTRAINT core_user_user_permi_user_id_085123d3_fk_core_user FOREIGN KEY (user_id) REFERENCES public.core_user(user_id) DEFERRABLE INITIALLY DEFERRED;


--
-- TOC entry 4979 (class 2606 OID 20019)
-- Name: django_admin_log django_admin_log_content_type_id_c4bce8eb_fk_django_co; Type: FK CONSTRAINT; Schema: public; Owner: postgres
--

ALTER TABLE ONLY public.django_admin_log
    ADD CONSTRAINT django_admin_log_content_type_id_c4bce8eb_fk_django_co FOREIGN KEY (content_type_id) REFERENCES public.django_content_type(id) DEFERRABLE INITIALLY DEFERRED;


--
-- TOC entry 4980 (class 2606 OID 20024)
-- Name: django_admin_log django_admin_log_user_id_c564eba6_fk_core_user_user_id; Type: FK CONSTRAINT; Schema: public; Owner: postgres
--

ALTER TABLE ONLY public.django_admin_log
    ADD CONSTRAINT django_admin_log_user_id_c564eba6_fk_core_user_user_id FOREIGN KEY (user_id) REFERENCES public.core_user(user_id) DEFERRABLE INITIALLY DEFERRED;


--
-- TOC entry 5174 (class 0 OID 0)
-- Dependencies: 5
-- Name: SCHEMA public; Type: ACL; Schema: -; Owner: postgres
--

REVOKE USAGE ON SCHEMA public FROM PUBLIC;


-- Completed on 2025-07-04 11:04:46

--
-- PostgreSQL database dump complete
--

